"Hour","2010-01-01","2010-01-02","2010-01-03","2010-01-04","2010-01-05","2010-01-06","2010-01-07","2010-01-08","2010-01-09","2010-01-10","2010-01-11","2010-01-12","2010-01-13","2010-01-14","2010-01-15","2010-01-16","2010-01-17","2010-01-18","2010-01-19","2010-01-20","2010-01-21","2010-01-22","2010-01-23","2010-01-24","2010-01-25","2010-01-26","2010-01-27","2010-01-28","2010-01-29","2010-01-30","2010-01-31","2010-02-01","2010-02-02","2010-02-03","2010-02-04","2010-02-05","2010-02-06","2010-02-07","2010-02-08","2010-02-09","2010-02-10","2010-02-11","2010-02-12","2010-02-13","2010-02-14","2010-02-15","2010-02-16","2010-02-17","2010-02-18","2010-02-19","2010-02-20","2010-02-21","2010-02-22","2010-02-23","2010-02-24","2010-02-25","2010-02-26","2010-02-27","2010-02-28","2010-03-01","2010-03-02","2010-03-03","2010-03-04","2010-03-05","2010-03-06","2010-03-07","2010-03-08","2010-03-09","2010-03-10","2010-03-11","2010-03-12","2010-03-13","2010-03-14","2010-03-15","2010-03-16","2010-03-17","2010-03-18","2010-03-19","2010-03-20","2010-03-21","2010-03-22","2010-03-23","2010-03-24","2010-03-25","2010-03-26","2010-03-27","2010-03-28","2010-03-29","2010-03-30","2010-03-31","2010-04-01","2010-04-02","2010-04-03","2010-04-04","2010-04-05","2010-04-06","2010-04-07","2010-04-08","2010-04-09","2010-04-10","2010-04-11","2010-04-12","2010-04-13","2010-04-14","2010-04-15","2010-04-16","2010-04-17","2010-04-18","2010-04-19","2010-04-20","2010-04-21","2010-04-22","2010-04-23","2010-04-24","2010-04-25","2010-04-26","2010-04-27","2010-04-28","2010-04-29","2010-04-30","2010-05-01","2010-05-02","2010-05-03","2010-05-04","2010-05-05","2010-05-06","2010-05-07","2010-05-08","2010-05-09","2010-05-10","2010-05-11","2010-05-12","2010-05-13","2010-05-14","2010-05-15","2010-05-16","2010-05-17","2010-05-18","2010-05-19","2010-05-20","2010-05-21","2010-05-22","2010-05-23","2010-05-24","2010-05-25","2010-05-26","2010-05-27","2010-05-28","2010-05-29","2010-05-30","2010-05-31","2010-06-01","2010-06-02","2010-06-03","2010-06-04","2010-06-05","2010-06-06","2010-06-07","2010-06-08","2010-06-09","2010-06-10","2010-06-11","2010-06-12","2010-06-13","2010-06-14","2010-06-15","2010-06-16","2010-06-17","2010-06-18","2010-06-19","2010-06-20","2010-06-21","2010-06-22","2010-06-23","2010-06-24","2010-06-25","2010-06-26","2010-06-27","2010-06-28","2010-06-29","2010-06-30","2010-07-01","2010-07-02","2010-07-03","2010-07-04","2010-07-05","2010-07-06","2010-07-07","2010-07-08","2010-07-09","2010-07-10","2010-07-11","2010-07-12","2010-07-13","2010-07-14","2010-07-15","2010-07-16","2010-07-17","2010-07-18","2010-07-19","2010-07-20","2010-07-21","2010-07-22","2010-07-23","2010-07-24","2010-07-25","2010-07-26","2010-07-27","2010-07-28","2010-07-29","2010-07-30","2010-07-31","2010-08-01","2010-08-02","2010-08-03","2010-08-04","2010-08-05","2010-08-06","2010-08-07","2010-08-08","2010-08-09","2010-08-10","2010-08-11","2010-08-12","2010-08-13","2010-08-14","2010-08-15","2010-08-16","2010-08-17","2010-08-18","2010-08-19","2010-08-20","2010-08-21","2010-08-22","2010-08-23","2010-08-24","2010-08-25","2010-08-26","2010-08-27","2010-08-28","2010-08-29","2010-08-30","2010-08-31","2010-09-01","2010-09-02","2010-09-03","2010-09-04","2010-09-05","2010-09-06","2010-09-07","2010-09-08","2010-09-09","2010-09-10","2010-09-11","2010-09-12","2010-09-13","2010-09-14","2010-09-15","2010-09-16","2010-09-17","2010-09-18","2010-09-19","2010-09-20","2010-09-21","2010-09-22","2010-09-23","2010-09-24","2010-09-25","2010-09-26","2010-09-27","2010-09-28","2010-09-29","2010-09-30","2010-10-01","2010-10-02","2010-10-03","2010-10-04","2010-10-05","2010-10-06","2010-10-07","2010-10-08","2010-10-09","2010-10-10","2010-10-11","2010-10-12","2010-10-13","2010-10-14","2010-10-15","2010-10-16","2010-10-17","2010-10-18","2010-10-19","2010-10-20","2010-10-21","2010-10-22","2010-10-23","2010-10-24","2010-10-25","2010-10-26","2010-10-27","2010-10-28","2010-10-29","2010-10-30","2010-10-31","2010-11-01","2010-11-02","2010-11-03","2010-11-04","2010-11-05","2010-11-06","2010-11-07","2010-11-08","2010-11-09","2010-11-10","2010-11-11","2010-11-12","2010-11-13","2010-11-14","2010-11-15","2010-11-16","2010-11-17","2010-11-18","2010-11-19","2010-11-20","2010-11-21","2010-11-22","2010-11-23","2010-11-24","2010-11-25","2010-11-26","2010-11-27","2010-11-28","2010-11-29","2010-11-30","2010-12-01","2010-12-02","2010-12-03","2010-12-04","2010-12-05","2010-12-06","2010-12-07","2010-12-08","2010-12-09","2010-12-10","2010-12-11","2010-12-12","2010-12-13","2010-12-14","2010-12-15","2010-12-16","2010-12-17","2010-12-18","2010-12-19","2010-12-20","2010-12-21","2010-12-22","2010-12-23","2010-12-24","2010-12-25","2010-12-26","2010-12-27","2010-12-28","2010-12-29","2010-12-30","2010-12-31","2011-01-01","2011-01-02","2011-01-03","2011-01-04","2011-01-05","2011-01-06","2011-01-07","2011-01-08","2011-01-09","2011-01-10","2011-01-11","2011-01-12","2011-01-13","2011-01-14","2011-01-15","2011-01-16","2011-01-17","2011-01-18","2011-01-19","2011-01-20","2011-01-21","2011-01-22","2011-01-23","2011-01-24","2011-01-25","2011-01-26","2011-01-27","2011-01-28","2011-01-29","2011-01-30","2011-01-31","2011-02-01","2011-02-02","2011-02-03","2011-02-04","2011-02-05","2011-02-06","2011-02-07","2011-02-08","2011-02-09","2011-02-10","2011-02-11","2011-02-12","2011-02-13","2011-02-14","2011-02-15","2011-02-16","2011-02-17","2011-02-18","2011-02-19","2011-02-20","2011-02-21","2011-02-22","2011-02-23","2011-02-24","2011-02-25","2011-02-26","2011-02-27","2011-02-28","2011-03-01","2011-03-02","2011-03-03","2011-03-04","2011-03-05","2011-03-06","2011-03-07","2011-03-08","2011-03-09","2011-03-10","2011-03-11","2011-03-12","2011-03-13","2011-03-14","2011-03-15","2011-03-16","2011-03-17","2011-03-18","2011-03-19","2011-03-20","2011-03-21","2011-03-22","2011-03-23","2011-03-24","2011-03-25","2011-03-26","2011-03-27","2011-03-28","2011-03-29","2011-03-30","2011-03-31","2011-04-01","2011-04-02","2011-04-03","2011-04-04","2011-04-05","2011-04-06","2011-04-07","2011-04-08","2011-04-09","2011-04-10","2011-04-11","2011-04-12","2011-04-13","2011-04-14","2011-04-15","2011-04-16","2011-04-17","2011-04-18","2011-04-19","2011-04-20","2011-04-21","2011-04-22","2011-04-23","2011-04-24","2011-04-25","2011-04-26","2011-04-27","2011-04-28","2011-04-29","2011-04-30","2011-05-01","2011-05-02","2011-05-03","2011-05-04","2011-05-05","2011-05-06","2011-05-07","2011-05-08","2011-05-09","2011-05-10","2011-05-11","2011-05-12","2011-05-13","2011-05-14","2011-05-15","2011-05-16","2011-05-17","2011-05-18","2011-05-19","2011-05-20","2011-05-21","2011-05-22","2011-05-23","2011-05-24","2011-05-25","2011-05-26","2011-05-27","2011-05-28","2011-05-29","2011-05-30","2011-05-31","2011-06-01","2011-06-02","2011-06-03","2011-06-04","2011-06-05","2011-06-06","2011-06-07","2011-06-08","2011-06-09","2011-06-10","2011-06-11","2011-06-12","2011-06-13","2011-06-14","2011-06-15","2011-06-16","2011-06-17","2011-06-18","2011-06-19","2011-06-20","2011-06-21","2011-06-22","2011-06-23","2011-06-24","2011-06-25","2011-06-26","2011-06-27","2011-06-28","2011-06-29","2011-06-30"
1,26.25,38.71,33.56,39.14,36.6,40.57,37.3,42.9,43.79,45.93,39.6,39.32,39.59,35.78,39.1,43.2,28.82,32.83,37.74,37.77,36.79,39.08,41.31,39.25,38.4,40.51,45.41,28.29,34.77,31.7,43.97,32.03,39.42,31.64,38.07,34.72,42.06,37.13,41.1,35.3,41.92,38.6,38.72,40.12,40.87,38.71,41.01,37.7,37.72,35.76,28.18,34.22,26.35,30.63,29.99,27.14,30.33,28.06,22.2,17.55,34.48,31.61,38.68,34.58,32.09,38.01,41.17,41.03,40.07,39.13,38.92,40.03,34.09,31.93,34.11,36.07,34.93,23.93,30.89,23.09,34.26,33.04,31.82,22.98,28.01,32.08,23.77,23.58,32.03,27.58,32.32,35.95,35.01,30.23,36.49,39.54,34.77,38.04,36.07,32.38,33.54,30.92,33.61,37.09,37.74,36.84,43.82,40.39,35.84,37.79,29.45,35.89,39.49,39.66,23.57,19.84,32.12,37.15,33.18,35.58,32.49,28.48,32.16,35.76,36.43,37.53,36.1,46.07,41.45,42.85,42.18,40.37,47.39,42.27,44.35,25.41,23.99,40.94,38.84,36.3,41.28,37.5,24.74,23.97,37.3,37.37,37.02,39.08,37.79,17.41,14.94,24.81,36.55,28.09,35.48,39.95,31.96,37.96,43.75,32.65,40.22,38.93,30.01,17.26,21.11,41.87,38.94,39.13,38.42,41.67,33.21,35.8,40.01,40.01,43.79,40.25,42.3,40.8,41.23,36.9,41.6,44.76,44.97,42.28,39.28,43.95,39.33,40.16,44.66,43.8,45.96,41.59,42.98,39.97,42.11,41.05,42.3,47.93,36.36,40.96,39.63,42.43,42.12,41.84,45.66,19.06,39.24,38.02,39.34,38.13,33.94,38.97,33.59,35.05,36.37,21.5,26.22,36.33,30.63,20.06,37.44,38.91,32.73,38.58,36.05,41.99,38.64,32.16,30.105,28.05,34.18,39.13,38.48,27.03,38.12,27.98,26.5,41.16,41.69,41.03,27.41,26.29,34.04,33.16,36.95,39.24,48.16,42.53,19.18,20.1,26.61,28.76,42.96,39.68,30.05,39.96,43.47,29.03,32.4,39.92,39.36,34.1,24.55,26.9,41.91,38.58,36.71,45.39,47.1,45.17,40.09,42.63,42.62,46.57,44.8,44,24.34,42.94,40.91,42.45,43.08,46.26,33.87,42.41,45.04,41.07,46.14,43.17,48.82,44.58,45.11,40.09,45.46,43.16,38.29,46.4,26.22,43.1,37.29,44.08,41.97,43.89,38.04,37.49,46.07,35.45,36.24,32.92,27.66,43.06,47.45,42.55,30.83,39.25,37.51,19.99,24.45,30.15,34.69,41.65,38.85,41.7,42.79,46.46,42.91,39.33,41,41.46,43.98,48.19,48.83,43.92,43.1,44.52,46.38,44.43,51.45,54.93,45.04,48.6,47.76,48.65,46.32,44.76,33.45,14.01,42.95,50.8,49.55,51.66,47.85,53.66,49.11,46.17,49.55,47.7,49.22,35.94,23.57,44.43,44.02,44.11,47.06,50.34,45.1592,28.82,42.97,43.38,48.54,46.36,42.68,44.58,27,32.54,30,47.31,37.93,31.04,25.21,36.54,19.97,22.73,37.65,47.14,43.09,46.04,50.07,48.76,48.15,45,47.07,46.98,47.66,52.17,47.03,48.43,52.23,47.15,37.77,38.49,20.03,40.09,3.94,21.51,43.92,45.63,44.95,46.15,42.61,40.5,45.9,44.85,44.79,47.98,52.81,47.83,47.44,44.93,48.88,46.5,47.08,53.46,47.83,49.15,47.44,47.85,48.56,51.4,49.37,43.08,49.4,45.94,47.44,47.59,26.72,56,48.28,49.73,49.02,43.96,42.94,51.86,48.04,53.2,49.17,47.45,48.73,46.91,49.18,54.47,48.08,43.98,47.8,49.72,45.91,41.86,53.87,43.92,49.94,48.03,48.35,49.69,45.63,39.33,47.04,48.13,49.7,46.4,51.9,55.42,54.94,53.4,49.57,49.14,49.1,47.54,49.66,53.19,38.83,14.55,42.7,45.14,48.01,47.9,46.6,33.91,46,48.75,48.23,52.41,50.38,56.74,45.49,44.74,47.55,51.24,57.32,50.99,53.2,56.72,51.96,49.03,51.31,49.93,55.6,53.82,52.05,44.88,45,50.91,50.48,49.24,52.15,47.97,50.34,45.79,50.56,50.37,49.17,50.34,49.91,48.53,50.83,50.2,47.88,48.54,50.51,50,47.98,49.29,49.52,49.69,48.29,51.97,27.09,10.19,48.39,46.91,42,44.04,46.73,43.18,46.2,40.28,42.53,42.57
2,18.46,28.92,31.92,36.2,36.67,35.07,37.17,40.28,40.4,31.53,34.01,35.07,35.95,31.13,37.78,38.78,24.03,35.05,37.61,36.35,34.76,35.79,35.54,33.47,37.29,37.83,45.07,21.02,32.7,28.98,39.35,18.09,37.51,25.6,36.56,32.97,38.09,34.28,38.51,32.18,41.09,34.93,36.49,34.18,38.75,38.72,38.02,35.96,36.51,32.71,24.92,29.99,21.04,30.55,28.99,22.8,25.58,24.36,16.24,0.49,33.08,29.53,35.26,33.46,27.46,32.62,43.56,37,36.97,35.8,35.27,37.29,30.56,31.53,32.01,34.94,33.25,20.01,28,21.62,31.63,29.645,27.66,21.01,25.85,24.8,15.05,16.16,25.03,22.55,28.91,32.09,31.96,19.45,31.31,35.23,32.08,36.43,33.46,32.05,29.65,25.92,29.9,36.87,35.27,33.66,40.76,34.28,32.8,36.63,25.98,31.95,36.5,34.42,23.28,19.96,28.06,34.89,27.39,32.34,30.86,22.95,28.59,34.08,34.09,32.75,34.01,39.99,38.2,38.01,39.99,38.97,42.32,38.34,39.02,5.66,23.99,38.14,34.77,36.23,37.08,34.04,23.63,13.06,25.07,36.96,31.93,34.9,32.29,4.49,2.36,16.91,29.7,20.38,27.05,37.97,25.8,23.1,42.09,29.83,34.95,35.87,22.5,10.75,14.07,36.62,36.03,38.24,37.42,37.91,22.59,25.35,35.15,38.42,40.96,38.85,38.26,34.75,40.27,33.72,41.04,41.63,41.76,39.8,38.07,42.67,35.96,35.93,43.01,40.95,43.81,38.99,40.94,38.13,41.11,37.14,40.9,45.44,27.76,34.63,36.59,41.18,38.95,38.43,42.26,18.1,34.2,37.65,32.38,36.28,29.78,36.73,25.25,28.83,32.25,24.3,22.94,29.87,21.54,20.44,22.98,36.7,28.08,35.78,30.53,40.12,30.86,32.83,25.195,17.56,27.71,38.96,25.08,26.27,36.34,22.32,11.49,42.33,40.64,40.46,23.36,14.25,34.95,29.98,32,37.21,45.05,39.33,13.39,20.06,24.69,24.93,41.08,35.83,23.57,33.06,40.07,29.68,29.91,36.51,38.13,32.01,26.43,27.4,39.96,36.88,30.71,41.06,43.94,41.83,39.01,39.94,41.55,43.28,41.5,37.9,24.06,41.58,38.08,41.66,38.88,44.24,34.16,38.93,41.09,41.44,43.03,41.82,47.97,37.08,45.92,36.78,44.5,39.93,34.73,41.25,19.11,41.17,36.96,40.48,40.25,41.78,36.14,37.03,43.54,30.95,29.17,36.74,22.53,38.37,47.05,42.06,25.77,36.74,37.09,6.78,20.52,20.67,28.88,40.7,38.67,38.83,41.42,42.13,41.44,38.71,37.13,39.88,42.16,44.88,45.79,42.54,40.48,42.95,43.27,40.51,48.59,48.41,38.11,48.35,45.93,47.56,44.1,42.56,25.93,-5.04,42.01,45.25,48.15,47.49,47.89,49.96,48.41,46.12,46.9,47.52,46.51,26.29,14.05,38.05,40.04,44.44,42.02,47.06,44.4784,22.73,32.3,43.38,48.03,45.08,25.5,42.92,24.82,21.55,25.09,45.01,34.02,24.93,18.03,30.3,11.9,16.75,37.28,45.44,42.63,45.3,48.18,45.8,47.47,43.17,47,46.75,46.75,49.71,44.94,46,48.18,44.14,31.66,27.18,15.12,25.6,3.67,18.87,43.35,44.58,43.26,46.26,39.96,40.36,43.71,44.07,45.06,48.12,51.14,44.83,45.13,45.29,49.1,45.78,46.25,49.72,46.82,45.54,47.74,46.27,47.94,50,43.98,41.95,47.58,43.96,44.93,44.6,27.73,54.03,47.27,47.66,46.2,41.08,37.04,50.5,45.99,50.15,45.54,47.16,47.08,44.98,49.05,50.34,42.5,40.22,48.42,46.17,44.41,34.95,52.29,40.63,46.73,46.37,45.39,44.93,43.24,22.67,37.92,45.43,46.59,43.98,50.67,51.47,53.19,52.74,47.82,46.24,47.79,45.58,45.48,47.59,22.88,13.77,37.28,43.7,44,44.29,42.89,23.85,43,46,45.32,50.91,46.56,51.8,43.93,41.84,45.43,48.81,52.74,48.06,53.1,50.09,46.91,48,49.8,47.9,51.65,52.29,49.93,44.69,44.55,49.43,48.5,48.45,50.5,33.86,48.5,43.45,48.6,49.92,45.4,46.91,46.13,44.88,48.89,48.58,43.89,46.76,47.51,47.65,42.72,45.63,47.7,47.72,44.7,47.9,10.3,9.5,45.46,43.03,31.52,40.03,42.55,41.14,43.05,36.76,38.48,40.2
3,20.08,24.07,29.05,34.29,34.14,34.28,36.34,37.95,32.75,24.8,28.23,37.46,35.02,31.91,37.53,35.08,23.23,32.09,35.28,34.51,32.03,34.54,32.99,32.15,32.61,34.59,43.25,20.06,32.55,29.59,36.35,26.04,32.75,23.72,36.62,31.03,34.09,33.94,35.33,32.15,40.1,33.48,33.06,31.22,38.75,38.61,38,32.98,34.92,31.53,23.55,26.81,20.07,24.57,25.95,18.07,23.08,23.57,5.08,-2,32.31,26.17,32.6,31.61,23.81,31.75,42.2,34.93,37.71,35.25,34.43,32.1,23.98,31.52,31.95,31.59,31.89,19.13,24.2,14.58,30.83,27.845,24.86,16.87,22.58,19.12,13.735,13.48,22.55,19.91,24.16,32.09,31.72,7.31,26.77,33,29.72,33.3,31.73,28.68,29.1,23.55,30.87,34.57,33.92,32.13,37.58,29.38,29.51,34.25,24.74,30.42,35.97,34.68,14.46,18.64,21.56,30.13,20.87,26.99,27,17.97,22.1,34.02,30.44,28.91,30.42,36.07,38.01,34.42,38.46,35.86,40.29,36.32,37.5,1.99,20.4,36.01,28.15,34.99,33.78,25.33,17.98,6.7,18.02,33.28,26.55,25.69,29.45,4.19,4.15,7,22.54,13.38,20.12,34.61,21.07,10.7,40.02,24.07,25.3,31.61,17.23,3.95,9.38,26.53,25.51,34.87,32.53,36.07,17.01,24.94,28.8,34.05,40.2,34.9,33.16,29.74,38.08,29.92,38.99,41.02,40.08,38.31,38.94,39,29.3,31.14,40,39.43,43.01,25.04,38.36,31.97,39.94,29.74,39.61,42.44,24.15,26.71,36.27,39.12,34.82,35.18,39.54,9.19,28.98,36.63,28.69,31.95,22.6,31.02,19.76,25.28,26.65,20.06,19.18,22.94,20.08,14,21.93,29.04,25.04,34.87,35.07,33.96,15.11,16.19,13.18,10.17,20.93,35.64,11.91,24.08,35.09,11.45,2.2,41,38.13,40.84,11.1,10.09,31.36,27.36,32.59,37.07,41.05,35.04,20.05,1.55,20.71,17.93,36.61,33.07,14.01,31.92,31.75,21.84,25.89,32.56,33.52,32.09,20.95,26.46,36.46,38.13,30.42,36.03,39.69,39.97,36.7,38.94,39.2,40.22,42.13,35.92,20.99,39.38,31.96,40.24,34.9,40.3,30.47,36.97,40.91,38.08,40.16,40.7,45.15,39.61,44.35,36.35,41.78,37.46,35.14,38.19,19.19,40.11,37.98,38.26,39.9,39.76,34.73,36.58,38.5,29.83,21.52,34.93,14.16,36.76,46.91,41.97,24.06,35.09,36.33,2.16,11.49,12,13.03,37.78,37.82,36.05,38.1,39.68,38.5,32.51,36.74,39.24,43.22,42.84,43.23,42.24,39.96,40.98,42.47,42.43,48.59,46.71,38.9,48.54,45.91,44.45,37.82,39.68,23.38,-20.45,40.5,45.72,43.44,46.44,47.88,48.59,49.16,45.58,47.04,44.06,41.33,22.37,3.58,39.92,41.1,42.47,41.08,43.13,43.7976,14.98,26.13,42.83,45.81,43.01,21.53,30.51,20.1,15.71,20.57,41.91,24.29,16.66,14.08,21.78,14.99,17.1,34.94,43.01,42.6,44.88,46.85,42.45,45.82,35.3,46.24,45.91,44.38,46.99,47.44,44.99,47.08,43.31,28,21.99,0,22.24,5.22,20.42,40.94,42.98,41.11,44.41,38.07,32.01,41.04,41.61,43.67,46.62,48.47,42.23,43.09,44.94,47.01,44.14,44.95,45.66,44.43,43.94,44.99,45.73,46.21,49.06,44.96,41.98,45.95,44.94,43.87,43.81,28.57,49.93,44.37,44.84,43.95,33.65,33.33,47.53,44.02,44.37,41.98,44.76,45.05,43,45,47.07,0,38.96,45.54,44.89,41,34.02,48,30.88,40.97,45.27,44.39,43.15,34.18,19.99,25.09,44.95,44.44,42.9,49.2,48.6,52.05,49.95,45.44,46.59,44.02,43.89,42.99,41.63,19.53,13.73,31.09,42.44,41.73,42.35,38.87,22.65,42.08,44.53,45.2,49.52,45.32,47.9,33.26,32.94,44.38,48.1,49.7,46.35,49.95,47.52,42,44.83,48.68,47.75,50.06,49.97,46.03,39.16,43.5,45.66,46.92,47.75,47.67,28.36,47.12,40.99,46.25,48.8,44.91,45.01,44.12,42.43,48,46.11,39.61,44.51,46.16,45.99,38.06,44.14,46.25,46.35,42.7,44.24,9.92,6.52,42.43,41.09,23.57,36,40.95,25.37,41.41,31.81,36.88,36.13
4,16.99,22.25,26.72,22.07,31.92,33.64,35.11,37.91,27.39,19.17,21.47,38.65,31.95,26.79,35.08,33.43,13.03,26.58,35.3931818181818,32.02,29.84,32.06,30.34,30.8,30.58,31.97,38.95,18.22,32.04,27.08,30.56,26.5,27.83,23.53,33.37,25.69,32.05,31.24,32.36,30.08,37.27,32.03,31.75,31.5,37.09,36.09,37.77,32.85,29.91,26.75,22.94,22.23,18.01,18.48,21.86,10.04,17.91,12.13,2.16,-18.1,31.09,21.09,32.31,29.35,24.91,30.38,39.91,35.18,38.67,35.07,34,31.35,28.6,30.6,31.55,30.61,29.73,15.19,23.97,9.89,26.08,25.535,24.99,13.18,19.18,14.02,12.42,9.22,19.07,18.7,21.96,32.47,28.9,19.15,20.97,32.4,27.3,32.72,26.8,23.57,23.42,20.07,29.82,33.05,32.48,28.67,35.87,28.72,29.08,30.25,24.52,31.44,33.9,31.92,10.59,16.21,22.07,24.99,16.94,23.79,21.01,12.23,18.56,31.81,29.19,25.46,30.49,36.41,35.91,27.62,36.77,33.35,39.59,34.98,37.14,1.84,15.05,33.36,26.22,30.81,27.15,24.52,13.88,6.45,7.85,28.1,25.51,20.56,21.03,0.94,5.55,1.88,18.92,6.89,13.09,27.35,11.55,10.42,34.58,19.26,20.5,25.47,8.85,0.07,5.9,24.44,21.63,27.09,25.25,30,6.91,20.91,27.94,28.91,40.07,28.55,29.88,25.99,34.25,26.39,36.11,40.46,36.41,37.96,26.89,29.83,31.3,26.8,38.85,36.63,39.98,20.63,34.08,29.19,32.93,21.55,39.06,40.68,23.53,30.94,35.94,37.82,32.51,33.1,37.68,7.58,23.64,31.05,26.56,26.68,17.9,28.06,17.69,14.48,22.09,19.15,19.92,18.83,16.97,4.04,18.14,28.97,24.72,32.11,35.05,31.31,8.78,10.47,10.23,9.99,23.57,35.04,21.91,10.82,29.58,2.12,10.28,35.66,38.06,36,9.95,10.74,26.94,25.08,24.99,29.19,39.71,28,23.04,18.95,9.83,8.91,32.78,30.01,13.23,31.91,20.37,13.79,23.54,22.78,32.04,26.37,18.54,26.46,30.25,39.03,26.84,33.91,40.83,36.57,36.31,36.39,37.27,39.52,38.36,35.97,20.51,35.98,33.96,38.28,33.79,37.01,26.65,33.2,41.24,35.9,38.76,38.85,43.07,40.97,43.33,37.76,38.47,36.86,35.92,39.98,18.03,39.89,40.24,37.37,40.49,36.34,26.05,35.5,37.99,29.75,10.49,25.8,2.16,33.75,39.23,35.8,23.9,34.29,32.01,0.86,10.37,10.27,10.41,36,31.01,32.42,36.02,36.55,34.06,23.34,35.08,38.26,41.14,42,46.01,42.24,36.39,40.67,39.22,42.21,50.15,44.57,32.38,44.03,42.99,39.83,30.09,38.27,20.14,2.28,35.03,44.05,42.39,42.99,45.93,47.54,45.27,41.02,45.49,35.46,31.29,14.04,3.57,38.09,41.44,38.93,36.34,36.43,43.1168,9.93,21.9,34.69,41.93,39.52,20.06,21.5,15.76,10.58,15.04,34.15,16.51,10.46,10.36,15.19,10.06,12.72,25.3,38.89,40.06,42.65,45.03,42.91,43.54,27.34,44.14,43.84,43.52,45.96,45.1,45.9,46.13,43.51,25.84,14.08,-0.1,19.15,18.4,31.48,39.5,39.94,37.02,38,35.07,20.33,39.96,38.83,42.32,44.94,44.46,38.97,40.22,43.01,45.82,42.51,43.86,44.93,42.44,41.55,44.19,44.21,45.12,47.44,45.24,41.7,43.93,43.99,43,43.09,41.51,46.8,41.96,41.95,42.83,23.39,29.41,44.48,43,42.85,36.68,42.96,44.8,41.98,44.28,46.39,40.09,42.45,43.44,45.01,36.44,32.68,45.24,22.71,39.71,43.04,39.19,42.92,29.91,18.04,22.51,45.1,42.96,42.93,48.46,48,51.08,45.28,44.8,45.68,43.34,44.96,42.7,36.21,19.11,10.49,32.74,43.03,41.92,41.2,41.7,25.46,35.9,45.95,46,49.14,45.91,43.06,28.98,27.81,44.94,47.9,48.93,45.45,48.99,45.94,37.72,42.29,48.37,47.38,48.75,49.51,40.09,34.98,42.55,45.32,46.3,47.38,46.93,34,46.93,44.01,45.23,48.48,43.66,44.92,41.15,41.15,46.24,45.84,39.28,42.32,46.91,44.71,32.18,43.63,45.28,45.65,40.17,40.51,9.96,3.59,41.03,37.68,20.99,29.98,33.88,23.22,39.57,29.52,35.58,33.1
5,15.92,19.31,21.58,17.98,31.03,32.86,34.33,35.03,22.5,18.52,21.47,37.73,28.28,27.18,34.03,33.22,12.9,26.99,35.5063636363636,27.5,31.44,30.64,28.47,26.62,27.81,31.99,37.51,23,31.71,23.09,30.5,31.94,27.27,23.92,31.12,26.8,29.97,30.05,32.06,31.78,35.32,30.97,31.98,34.1,36.04,34.51,37.78,33,25.22,26.08,21.41,20,14.25,18.67,22.61,12.9,21.67,10.14,6.72,-2.78,30.43,23.38,31.29,30.21,24,28.26,38.17,37.02,37.27,37.27,33.46,31.94,26.9,30.85,33.9,31.34,31.46,18.04,23.54,10.15,29.27,29.08,28.89,18.24,22.68,7.94,8.655,7.94,19.09,12.05,25.46,32.92,25.69,17.13,18.04,33.39,29.47,31.23,28.31,26.22,23.74,19.48,32.69,34.17,30.19,29.08,33.86,29.26,30.17,30.19,26.55,30.52,35.01,30.76,11.66,18.07,24.03,27.61,16.22,23.99,17.59,11.58,25.59,30.28,30.16,28.95,34.62,35.98,34.97,30.62,37.94,32.5,37.97,36.02,36.25,0.75,19.12,33.62,24.99,31.84,30.14,23.23,10.76,7.71,9.82,29.7,27.93,22.96,19.45,3.21,6.46,1.99,20.78,13.07,21,24.19,11.2,10.06,36.74,20.02,24.23,25.4,7.48,-0.06,12.07,24.82,22.73,30.06,25.4,25.32,4.03,20.91,31.1,32.53,40.99,29.85,31.06,19.01,34.35,32.52,36.61,40.7,35.75,36.01,25.94,25.13,36.67,31.99,35.91,37.1,38.47,20.11,39.1,28.47,38.92,27.21,37.3,40.47,22.38,26.26,37.8,37.75,32.53,34.64,34.07,7.26,26.96,33.23,27.73,27.96,18.05,27.87,16.03,20.06,25.22,19.98,21.34,20.1,17.96,2.99,18.26,34.94,25.68,33.42,36.91,26.5,8.62,10.29,10.17,10.05,23.54,36.18,25.03,10.72,26.15,10.21,5.05,35.73,37.1,37,10.08,9.98,35.72,33.13,29,36.42,36.92,24.93,24.99,19.33,13.01,24.25,36.32,29.61,19.99,30,19.95,20.6,26.29,22.98,29.77,23.32,20.09,27.39,34.01,40.06,27.96,32.73,38.19,38.37,36.3,37.96,38.24,39.65,36.5,34.63,21.3,35.96,35.9,37.1,36.02,37.33,25.38,36.32,40.98,36.76,38.88,41.32,43.09,40.07,41.87,39.96,38.64,36.3,35.93,41.06,14.09,36.5,41.76,36.35,41.55,37.62,23.59,32.21,35.01,30.94,3.59,31.5,16.68,29.92,35.87,37.14,28.84,33.59,33.65,0.94,10.35,10.11,13.75,35.51,32.99,35.71,36.07,36.08,31.24,23.56,33.99,39.44,40.92,41.45,42.08,39.5,37.52,41.59,38.06,41.62,51.11,44.47,33.69,43.04,42.4,38.84,29.15,38.13,14.04,14.8,36.77,44.18,41.1,41.15,46.79,47.9,41.23,40.37,45.49,35.47,26.5,14.78,14.67,35.91,41.03,36.92,37.03,34.41,42.436,16.12,18.47,31.44,39.01,39.96,20.14,23.19,18.09,10.32,15.7,35.01,14.06,21.54,10.51,14.64,10.2,14.87,28.8,40.1,39.96,42.09,44.46,39.96,42.39,30.53,44.75,43.11,44.19,44.97,44.19,44.99,45.48,44.09,37.54,14.07,0.04,19.14,25.09,40.01,39.48,39.99,39.06,39.97,28.69,17.26,39.89,39.31,41,45.04,43.89,36.72,42.44,43.17,44.95,42.37,43.58,44.08,41.47,42.54,43.7,44.18,45.47,49.12,44.94,42.85,43.93,44.08,42.62,43.03,43.46,46.95,41.46,42.07,43.9,34.93,33.41,45.12,39.95,39.93,39.18,44.92,47.18,43.37,45,46.75,43.1,44.74,46,46.41,39.9,37.01,45.74,25,37.54,45.16,42.99,43.99,39.86,18.35,25.02,44.97,42.14,42.33,49.24,49.32,52.07,45.31,45.14,47.08,47.08,46.23,43.21,33.14,22.42,19.74,34.4,46.12,45,43,42.56,33.4,36.61,46.54,45.94,51.49,46.38,45.92,22.89,32.98,45.47,48.76,50.08,46.41,48.48,45.64,37.88,43.19,48.73,47.1,48.76,49.38,38.45,40.23,44.61,46.6,47.23,48.14,45.52,39.41,46.55,45.83,45.08,48.11,44.91,43.93,41.15,42.07,47.32,45.8,42.01,43.75,45.66,41,32.8,44,46.64,44.44,40.17,36.19,9.49,5.25,39.01,39,24.55,26.62,25.05,21.59,39.66,31.28,35.29,35.03
6,7.99,20.85,17.89,26.96,35.44,34.04,36.33,38.2,19.11,3.33,20.03,39.33,32.99,35.09,40.61,31.64,12.14,32.91,35.6195454545455,33.4,33.2,34.36,29.98,22.94,31.93,34.03,40.38,31.96,34.18,23.04,31.94,35.84,32.54,31.16,35.58,30.54,28.21,28.67,38.7,35.08,37.02,34.96,33.66,32.11,35.04,34.79,38.9,35.87,33.72,31.26,20.04,22.93,25.93,31.29,30.62,22.75,29.04,1.11,5.09,11.66,34.88,30.36,33.6,34.26,25.67,28.48,38.93,40.08,40.06,41.31,36.44,31.95,25.9,38.91,38.67,34.94,35,29.97,22.96,13.74,32.7,32.815,32.93,29.19,32.02,19.31,4.89,16.48,28.92,27.51,31.55,33.62,29.61,18.2,19.13,43.35,35.26,33.37,37.34,28.65,23.68,24.52,38.43,36.76,36.99,34.58,33.73,30.68,37.01,39.11,30.86,35.96,40.33,30.58,10.5,27.8,31.89,35.04,29.39,29.74,18.09,17.07,35.41,34.3,35.91,36.02,38.11,35.82,34.95,35.25,36.7,38.39,35.25,38.37,36.09,0.27,27.32,38.99,27.96,37.03,34.03,23.03,8.92,8.39,24.91,36.98,35.09,33.28,18.59,3.03,21.01,16.07,34.01,12.57,27,24.44,11,11.64,40.03,30.92,32.21,36.92,7.47,-0.08,20.52,29.1,34.43,35.08,31.64,24.03,0.55,21.54,38.14,32.5,41.01,32.81,33,12.06,38.5,34.51,40.07,38.97,35.55,30.56,19.4,28.02,36.17,35.82,38.14,37.98,38.05,16.05,37.69,35.27,39.87,35.47,38.43,40.87,13.07,37.69,38.29,38.22,38.33,38.45,32.67,7.23,36.33,37.34,33.55,36.97,21.93,26.24,7.22,27.25,34.99,32.56,28.98,30.07,5,3.18,27.87,38.26,35.42,37.98,35.74,28.79,8.61,18.05,19.815,21.58,28.81,39.28,26.95,10.52,37.1,21.56,26.53,39.49,41.85,37.07,10.09,15.73,39.53,27.62,41.39,38.82,38.63,25.01,34.05,31.5,25.01,41,40.43,30.07,23.5,35.09,39.32,37.66,39.08,25.03,33.02,20.54,33.31,33.35,38.87,40.83,38.02,36.72,39.03,43.43,37.74,43.48,41.33,45.7,39.09,35.9,32.53,38.43,40.46,43,40.28,39.98,26.92,42.69,45.42,42.6,43.4,47.11,41.41,42.02,43.13,41.69,43.03,39.04,39.66,41.09,9.03,44.13,43.92,39.95,42.76,43.32,29.27,36.54,42.03,38.1,36.05,38.43,38.29,34.59,36.03,42.75,34.98,39.27,36.6,12.14,10.4,10.18,30.06,42.52,40.84,38.27,40,37.01,30.01,33.65,38.35,42,42.39,43.88,41.96,37.5,39.8,43.53,43,43.1,49.15,43.34,36.2,46.82,47.89,41.27,41.3,46.46,3.17,14.08,43.08,47.93,44.2,43.18,49.33,48.99,39.65,47.85,47.58,41,39.93,17.12,17.83,35.41,42.7,41.05,42.78,38.89,41.7552,9.91,22.71,43.05,45.93,44.74,26.9,40.05,14.02,10.33,25.63,44.92,32.55,34.94,23.05,15.29,11.58,23.53,40.49,46.28,41.77,45.7,46.69,35.4,44.91,44.18,46.98,45.1,47.99,44.18,43.03,46,48.19,47.93,42.37,14.22,-0.07,19.12,35.13,46.15,44.29,44.89,44.2,40.96,23.36,25.06,45.02,45,44.91,47.37,43.47,38.26,46.85,44.76,47.19,45.72,46.9,43.91,41.55,47.87,46.28,45.19,49.8,49.91,46.32,42.9,47.14,46.37,46.87,47.58,49.38,47.67,41.92,45.94,46.06,45,43.04,49.9,39.93,41.65,42.97,49.94,48.51,47.01,49.5,47.68,43.61,48.74,48.07,49.66,45.82,44.85,45.06,39.32,42.98,48.41,49.33,49.2,47.52,25.1,29.93,50.01,45.56,48.86,49.32,53.46,52.68,48.1,50.14,48.29,49.93,49.83,46.23,41.72,21.51,23.5,45,51.75,46.49,48.12,42.01,33.38,48.09,48.17,48.05,52.02,47.54,43.99,36.35,46.58,45.88,49.76,51.92,48.8,48.72,41.96,42,49.08,49.94,47.86,49.99,47.9,40.26,46.84,47.49,49.43,47,48.09,45.3,38.89,48.58,46.13,49.92,47.97,48.43,44.95,42.07,46.21,49.55,48.94,46.61,47.08,44.97,38.14,37.85,46.06,48.82,48.28,44.47,31.69,5.21,10.14,44.75,45,28.89,37.21,23.59,19.92,42.25,40.35,40.1,40.52
7,0.47,20.48,6.89,35.39,37.74,37.71,35.81,44.45,2.73,-9.9,20.06,43.54,42.19,39.1,42.15,30.51,12.79,59.93,35.7327272727273,43.27,40.56,40.77,30.54,12.64,42.34,43.16,47.57,40.99,38.17,18.04,10.67,42.18,41.45,38.49,44.64,37.02,29.52,24.93,53.06,40.59,46.56,43.39,41.94,28.39,28.17,41.6,42.18,39.42,45.54,38.02,19.14,17.84,34.35,38.3,36.92,33.96,38.51,0.19,0.6,36.87,45.99,36.61,39.66,43.09,21.91,25.01,49.01,43.7,44.98,45.5,44.2,31.83,18.42,59.45,41.99,42.36,43.99,38.35,20.11,13.49,44.54,41.875,39.21,44.3,39.63,18.21,8.46,37.12,42.2,38.58,36.22,32.4,32.92,9.96,18,68.49,44.85,44.36,43.43,28.98,19.06,39.49,48.13,42.66,48.04,37.2,36.72,28.19,47.14,45.21,43.09,37.85,47.47,31.31,5.71,44.34,40.52,45.08,38.33,38.11,16.52,14.99,50.13,43.62,43.97,48.39,43.69,36.39,26.9,47.33,44.76,45.99,36.82,43.11,38.01,0.64,47.85,48.08,41.73,45.25,45.06,20.02,6.12,24.66,40.83,46.77,43.45,43.13,25.56,4.43,40.02,37.26,43.89,29.82,40.06,29.89,11.03,42.03,50.02,40.98,45.53,49.83,17.62,-0.02,48.92,44.26,50.04,46.9,47.02,26.31,0.16,42.08,44.01,43.24,51.43,41.73,36.08,25.04,45.07,43.31,45.95,47.51,45.07,31.31,13.72,43.68,41.58,44.35,44.06,45.07,38.42,19.46,42.97,42.36,45.07,42.54,41.95,41.72,11.23,46.41,43.9,43.09,42.89,42.28,34.08,6.96,45.1,41.03,42.17,40.69,38.05,29.03,6.81,43.73,41.94,40.15,39.47,40.69,20.02,8.84,42.27,41.03,43.18,42.84,44.5,34.47,8.56,39.88,39.375,38.87,42.98,45.44,31.02,10.35,47.19,39.79,42.77,47.74,47.61,39.92,9.98,46.09,48.94,41.02,50.58,45.59,40.6,19.06,53.58,42.51,47.59,48.41,50.96,30.84,24.91,50.94,47.97,46.43,47.95,43.55,39.05,25.45,44.31,47.74,53.06,49.04,48.07,36.46,37.79,51.01,45.93,55.48,53.02,55.12,39.54,35.96,45.41,47.7,47.02,50.05,48.32,41.69,35.88,54.93,49.11,53.52,55.19,55.52,41.81,40.09,58.77,51.52,54.1,52.17,50.01,39.55,6.78,53.99,49.89,47.57,47.95,49.16,33.09,35.33,43.33,48.59,47.27,47.04,47.27,36.85,27.42,51.79,45.43,46.91,45.71,43.03,14.95,10.16,44,45.49,47.43,44,44.85,37.74,26.16,50.08,45.12,49.89,49.67,46.58,38.87,35.31,49.93,50.12,48.95,44.37,59.02,43,29.97,57.21,55.39,47.06,45.54,53.77,0.2,2.38,48.78,57.05,49.94,47.97,61,49.05,30.2,58.38,51.53,48.03,50.47,7.4,3.56,14.07,35.74,41.79,44.55,43.05,41.0744,-34.08,16.27,52.7,48.47,54.24,38.99,49.03,14.69,9.22,51.64,49.81,43.69,49.87,43.09,17.11,10.17,45.48,45.24,49.51,48,50.83,44.93,29.18,57.17,46,52.86,50.78,55.64,45.16,37.74,58.5,57.8,56.35,45.46,28.88,-9.3,15.58,56.33,51.46,50.09,53.2,50.29,44.3,20.36,43.39,50.68,46.51,51.93,53.02,43.08,31.53,64.87,48.08,56,53.02,50.36,44.03,37.63,58.77,55.61,52.33,62.65,62.94,44.93,42.67,63,50.28,59.51,56.19,58.12,48.65,38.22,63.62,54.48,50.55,49.93,65.99,38.22,35.09,53.83,57.06,53.28,53.52,57.7,48.73,37.94,62.95,57.64,60,55.45,59.55,48.04,38.06,57.08,56.78,59.37,55.69,56.51,39.26,18.05,58.79,53.12,54.38,57.4,58.4,52.6,44,61.75,55.28,57.83,54.25,50.6,43.09,15.22,22.31,54.25,54.94,51.54,52.66,39.18,14.17,56.19,58.3,61.22,65.18,54.57,44.39,31.97,64.99,55.45,62.9,69.04,52.72,48.06,35.81,52.43,53.73,57.56,53.89,56.73,47.87,34.92,58.96,52.1,53.89,52.83,56.79,49.79,29.94,55.61,52.76,54.59,49.51,52.48,46.9,44.51,52.54,53.59,57.66,51.12,52.61,44.51,35.11,45.56,54.33,53.06,54.06,51.63,41.83,0.03,47.33,49.15,49.23,41.8,44.94,29.84,23.21,47.81,46.96,46.96,49.51
8,4.01,31.72,18.85,46.08,41.26,41.25,48.84,57.03,21.83,-1.43,49.26,57.1,47.85,50.06,55.99,35.09,18.07,66,35.8459090909091,53.12,50.95,51.02,34.02,21.69,52.47,60.03,58.99,54.2,48.97,22.2,17.43,49.97,48.59,50.01,56.01,46.93,34.91,30.03,68.58,60.14,60.69,50.2,50.93,34.06,24.01,48.33,51.25,52.31,51.02,42.81,23.77,18.44,42.8,41.8,43.44,39.6,53,18.15,0.05,53.07,53.67,40.5,47.56,50.56,23.05,23.55,67.98,62.67,65.25,62.09,49.18,32.93,16.37,58.45,54.39,50.99,50.12,41.2,26.69,10.23,50.96,46,41.04,49.06,36.02,22.61,13.27,45.72,39.09,52.35,49.99,36.11,35.64,18.01,19.12,74.92,49.01,50.04,53,32.5,19.44,50.51,52.93,51.6,61.03,48.11,38.87,29.7,51.83,50.99,49.99,47,50.39,34.83,7.51,49.93,46.91,50.84,46.49,46.15,21.1,21.27,55.07,48.7,53.4,55.02,51.46,41.84,31.22,53.95,56.85,55.06,40.02,49.45,42.18,2.83,61.01,55.99,52.04,57.27,57.96,29.05,10.32,39.26,52.8,51.11,48.05,51.74,39.5,6.79,50.52,48.42,50.42,42.11,49.09,37.09,18.08,47.69,55.05,53.7,56.27,59.07,33.62,7.25,50.16,50.62,54.67,54.4,50.68,34.88,0.22,52.81,53.5,52.91,59.99,50.85,43.15,29.88,52.65,52.13,51.65,53.39,58.26,38.27,21.26,57.94,49.69,50.48,51.63,55.42,41.96,23.95,55.72,51.83,58.42,48.88,54.62,42.07,21.05,48.57,46.3,47.74,47.55,47.53,41.84,7.34,50.6,45.95,44.17,45.77,42.72,29.95,13.53,47.13,46.04,43,42.79,45.77,31.91,9.67,45.38,45.94,45.82,46.03,46.95,39.25,8.79,48.01,44.515,41.02,45.93,50.18,38.77,10.29,54.8,45.95,46.61,51.35,54.96,44.11,20.56,48.15,56.09,48.65,55.33,54.09,41.97,22.91,57.47,44.93,51.48,50.23,53.97,36.66,25.92,57.32,52.97,53.06,53.96,55.3,37.09,19.06,54.43,53.96,61.5,55.5,54.47,41.27,39.02,64.1,60.98,70.46,69.74,72.92,44.05,34.97,49.91,56.08,57.04,64.08,56.67,45,37.78,66.71,64.92,71.9,71.98,74.12,45.45,40.57,83.97,55.46,71.5,63.04,61.08,46.43,18.02,56.78,57.74,60.79,57.09,67.83,36.27,36.57,41.76,60,48.38,50.41,50.51,40.37,26.67,61.05,56.99,55.55,52.65,51.16,32.69,10.18,52.02,57.53,55.21,58.4,59.97,40.87,31.38,59.28,58.59,59.96,72.8,69.93,39.58,37.07,58.82,65.16,65.21,60.19,90.19,45.46,36.99,70.4,82,63.13,59.79,72.47,3.55,14.01,74.6,84.99,73.33,66.91,79.48,51.85,30.24,67.01,70.04,61.09,61.18,21.08,18.02,35.1,40.98,45.15,45.17,50.84,40.3936,-34.22,23.56,69.76,66.92,58.42,44.71,64.48,23.54,10,63.3,63.08,57.65,62.11,62.21,40.6,10.2,62.43,59.6,65.06,63.3,64.03,46.68,34.94,67.83,61.5,67.32,65.53,65.44,47.46,42.43,69.04,71.27,63.74,59.56,51.35,0.08,15.97,66.03,61.19,64.4,63.95,61.02,46.95,21.54,59.46,64.6,61.19,64,65.87,43.81,31.02,69.05,64.15,66.62,65.71,66.25,44.94,36.75,70.74,68.14,67.04,66.48,70.89,46.73,42.73,65.92,64.02,63.82,64.39,63.04,50.23,40.43,64.91,64.76,62.21,57.81,72.08,42.05,33.55,67.38,67.49,66.12,63.93,65.99,50.89,42.44,69.05,65.9,66.88,64.59,63.05,52.26,39.5,67.13,63.97,62.42,61.19,65.96,44.98,10.43,64.03,58.53,60.27,64.01,65.2,53.77,47.49,65.51,63.36,63.43,61.5,49.62,46.87,22.43,31.63,64,62.02,59.12,57.46,45.39,15.14,62.04,67.99,70.02,67.93,63.03,49.82,39.44,70,67.43,74.23,81.25,64.41,50.03,41.06,63.99,58.98,69.67,69.91,72.06,49.95,46.44,74.32,57.17,69.09,68.39,64.16,52.31,40.59,67.5,59.94,64.09,51.98,55.79,50.91,46.17,65.48,68.04,70.26,54.81,66.74,48.83,41.88,48.96,69.46,65.12,69.06,58,48.03,5.33,54.01,58.35,56.44,48.99,57.64,37.48,33.43,57.16,56.72,55,57.05
9,1.08,33.88,20.86,44.97,44.52,41.46,54.03,65.22,33.47,10.54,50.59,71.93,48.4,51.99,65.23,41.31,23.17,58.12,35.9590909090909,52.02,51.77,51.97,36.43,29.09,55.65,65.35,67.48,53.07,60.61,27.29,26.06,55.17,50.07,49.95,53.56,50.04,40.53,31.94,60.34,61.16,64.87,60.03,63.39,37.9,31.8,60.91,57.43,57.04,55.77,47.58,32.09,27.58,48.18,44.29,45.91,41.91,44.8,25.56,1.06,44.8,49.14,43.59,51.77,59.85,32.33,30.88,72.15,68.24,67.93,59.98,51.33,39.01,30.51,49.99,66.09,49.96,50.98,43.19,32.16,18.71,55.5,48.165,40.83,40.92,47.07,29.41,16.36,49.16,41.22,46.01,47.15,40.6,38.99,29,28.59,74.91,52.35,53.66,59.05,35.1,26.02,55.02,59.95,59.92,79.54,50.83,44.23,34.29,57.52,50.5,50.19,49.8,55.49,40.85,19.15,50.99,54.97,50.66,49.87,46.12,25.68,28.99,55.15,55.08,57.57,55.57,57.4,43.67,37.97,60.05,62.74,55.92,42.18,56.02,47.64,9.73,65.06,61.05,55.93,61.86,60.9,33.49,20.06,39.96,51.35,54.98,56.73,56.65,41.59,9.56,51.3,50.2,51.55,45.97,51.52,41.18,31.06,52.7,57.01,58.56,56.11,64.94,41.01,12.55,59.1,52.73,58.23,56.01,53.45,42.31,22.88,53.95,60.05,56.99,69.94,55.92,42.63,33.74,57.54,52.14,58.01,58.92,58.54,45.79,30.09,57.18,53.74,55.52,59,60.94,47.08,36.98,63,57.47,62.95,52.32,57.02,47.25,27.9,54.03,51.99,53.38,53.96,56.49,43.07,11.27,49.66,47.32,47.32,52.69,44.29,34.31,17.79,50,47.19,44.95,45.49,48.84,39.91,15.34,45.96,46.92,47.4,47.83,49.98,42.96,22.56,53.63,48.55,43.47,49.88,50.63,39.81,15.58,54.86,49.5,47.94,52.72,58.99,46.95,29.5,50.87,57.39,54.98,52.68,55.11,49.71,36.74,57.65,49.51,53.74,50.53,56.72,37.99,36.9,61.12,53.15,55.16,55.93,60.73,45.84,27.88,52.04,57.64,61.02,60.02,56.05,46.27,46.37,65.04,62.26,70.09,72.34,72.01,44.38,35.96,50.82,59.48,57.85,70.13,58.03,47.02,42.03,65.07,84.19,65.16,71.2,79.3,49.3,39.56,83.5,62.47,72.42,71.75,66.52,49.52,26.21,62.9,63.93,67.66,59.09,65.36,44.17,41.98,46.99,63.83,48.69,54.92,58.04,44.23,40.42,64.91,58.46,56.3,49.88,49.98,36.98,11.65,52.7,58.93,58.96,58.97,63.04,43.39,37.45,59.93,61.43,60.9,68.32,72.2,42.36,38.66,67.48,69.27,60.07,66.39,98.71,51.26,39.96,74.97,83,65.39,67.23,72.94,21.82,21.5,77.63,79.51,77.69,67.03,79.31,54.5,38.1,74.92,74.93,66.23,60.96,29.98,22.96,35.08,51.87,52.97,53.87,51.39,39.7128,-5.95,30,68.95,69.35,59.8,45.06,63.77,38.27,10.19,62.99,64.85,60,63.06,65.01,49.04,16.6,65.91,63.27,66.5,66.09,66.61,51.39,45.76,66.76,63.5,68.38,66.48,66.77,51.27,44.52,69.27,76.3,63.09,59.66,48.09,16.9,21.58,65.6,60.14,67.11,65.91,64.07,51.11,34.82,60.97,66.27,64.77,65,68.45,47.47,39.41,66.95,66.99,69.53,66.35,68.09,49.8,42.91,70.99,69.53,67.9,67.25,71.84,52.98,43.24,67.04,64.14,63.09,63.54,64.83,54.8,44.96,69.72,65.99,66.39,63.62,72.35,47.89,43.18,68.47,68.53,66.88,65.6,66.71,53.34,48.05,69.81,67.92,69.14,65.5,65.91,59.62,43.92,74.93,67.73,66.07,66.97,68.03,47.9,33.7,66.96,61.55,60.9,73.39,73.89,55.66,49.43,69.1,68.92,65.92,64.57,52.49,50.37,30.91,27.7,63.78,65.55,64.98,61.72,49.09,27.82,63.11,70,72.75,70.05,65.11,54.89,44.38,82.62,77.4,73.01,83.1,69.2,55.85,45,69.05,68.94,73.58,69.94,88.78,51.83,47.91,77.85,66.3,69.07,68.92,64.94,54.95,45.02,69.62,69.09,65,53.13,58.38,52.65,48.22,67.91,69.51,77.98,58.65,66.98,54.3,44.14,51.81,71.51,68.84,69.05,62.23,59.91,9.98,57.8,66.02,60.15,49.9,61.62,47,40.45,57.1,60.72,55.08,58.81
10,8.01,37.86,30.43,46.55,46.28,42.65,56.53,64.14,46.16,23.89,50.26,73.63,47.45,51.95,65.86,41.49,36.1,55.48,36.0722727272727,51.4,53.28,52.11,43.44,33.05,56.41,68.19,62.94,52.81,62.74,36.17,34.34,52.07,48.99,49.98,57.34,49.77,46.98,39.31,62.56,63.55,66.04,61.88,59.91,41.59,38.72,64.76,59.91,58.4,61.38,51.27,36.88,34.56,48.13,44.62,45.07,42.86,45.59,32.09,11.16,39.93,52.08,41.08,51.8,55.74,41.01,36.15,64.94,69.03,62.06,61.81,49.09,44.01,32,54.94,63.69,49.32,50.57,41.62,40.78,28.03,55.4,48.42,41.44,40.24,48.75,33.56,24.97,49.49,45.78,45.91,46.7,44.57,45.25,37.72,34.71,74.94,53.26,53.95,60.06,39.99,30.97,56.13,66.5,58.3,77.42,52.04,48.01,39.97,59.43,50,48.04,49.22,55.93,43.34,20.61,50.96,53.06,51.53,50.86,47.8,30.09,39.9,54.56,53.86,57.01,55.16,61.14,49.5,35.93,64.96,61.1,56.9,47.77,56.46,51.59,18.01,65.06,60.14,55.97,62.15,64.68,48.49,29.6,42.18,51.68,57.01,54.08,56.22,39.19,15.79,51.75,51.47,55.27,47.6,54.92,43.67,38.26,52.53,62.1,62.82,57.17,66.78,45.65,29.77,59.06,53.82,56.3,58.23,61.04,46.8,30.21,58.09,57.14,56.36,65.09,58.84,42.92,38.51,57.52,57.96,58.02,59.63,61.07,50.08,37.73,61.1,54.38,56.98,58.3,64.06,51.06,40.1,63.97,59.93,65.03,56.74,58.09,48.88,35.07,56.93,59.07,57.06,54.67,57.54,43.82,20.09,52.96,50.94,48.65,52.35,44.84,39.4,25.28,48.15,45.27,45.2,45.87,48.04,39.98,30.4,46.58,47.55,48.93,49.15,52.9,45.35,29.11,53.12,50.205,47.29,47.28,50.15,44.38,33.11,54.09,51,48.05,54.11,64.25,48.9,32.46,53.1,56.24,53.89,52.83,55.33,50.74,40.94,58.59,49.57,49.31,51.62,57.79,47.89,39.02,63.21,52.25,55.02,54.17,58.45,48.24,34.4,51.99,58.48,60.85,58.79,57.16,48.77,47.39,63.08,64,72.43,72.81,72.06,48.11,39.92,50.46,58.09,58.92,69.47,59.66,48.22,44.55,63.81,71.6,70.16,71.39,78.08,51.28,47.46,78.12,65.03,68.57,69.98,68.97,52.1,33.63,67.59,66.9,61.67,55.55,61.02,47.95,46.98,48.89,57.99,48.66,49.84,58.1,47.39,43.31,62.95,53.97,57.97,47.61,49.85,45.31,21.68,53.02,58.48,58.97,61.19,61.92,49.96,41.17,60.58,60.87,61.6,68.18,75.88,50,42,62.74,65.59,59.61,68.05,96.62,53.67,43.98,80.88,84.85,67.59,62.62,72.58,41.31,36.36,76.98,78.92,79.06,62.95,77.98,66.99,40.97,74.94,78.64,68.41,61.06,44.56,41.94,40.9,62.06,62.01,60.35,55.88,39.032,-0.03,44.69,68.9,68.99,61.07,48.56,63.75,46.2,30,61.2,63.04,60.38,58.89,64.48,53.12,27.9,61.19,61.63,66.09,66.08,66.23,58,48.16,66.37,62.78,67.78,66.3,66.25,55.39,47.69,67.51,70.59,63.06,59.69,46.91,22.96,41.52,63.01,57.93,66.04,63.18,63.4,56.83,44.75,56.74,65.67,65.61,65.64,68.91,54.78,43.73,66.88,68.08,69.56,66.92,67.5,52.64,47.23,70.94,68.64,66.27,66.41,69.93,56.49,46.28,65.34,61.45,57.28,62.01,63.02,56.36,49.94,70.33,64.56,66.08,64.01,72.1,52.73,48.5,68.3,66.89,66.12,63.62,65.09,56.01,49.75,66.03,66.75,66.92,65,66.07,62.72,47.95,72.65,65.38,63.5,62.58,65.97,53.48,33.3,66.01,59.81,59.29,74.04,67.94,56.12,51.27,69.51,64.93,64.27,62.99,56.19,53.19,40.83,27.77,64.76,64.03,66.19,64.93,49.22,39,61.2,68.3,69.94,68.8,63.21,56.98,46,79.33,72.99,72.2,87.77,66.99,56.79,47.41,69.97,69.96,72.18,69.94,80.97,55.69,49.97,77.99,69,68.36,61.2,64.16,58.74,49.04,66.68,71.02,66.94,52.8,59.92,53.75,49.61,68.08,68.92,76.07,58.84,66.7,59.02,48.54,54.31,70.5,71.11,68.31,61.29,62.19,10.11,56.19,68.52,60.62,50.56,61.19,50.69,43.36,59.05,59.66,56.18,61.27
11,8.85,40.74,34.07,44.09,48.28,48.97,56,62.4,47.07,42.56,51,82.61,48.18,52.65,67.45,40.8,38.28,53.72,36.1854545454545,51.13,53.56,51.22,45.99,39.68,58.06,69.69,55.67,56.19,66.1,40.29,37.17,51.11,48.68,50.08,57.97,49.96,47.07,42.55,63,64.22,64.02,58.91,61.59,46.96,41.24,63.3,59.95,59.66,59.8,52.9,45.98,35.92,48.26,47.07,45.04,42.99,47,34.05,19.18,39.97,49.2,42.17,50.74,50.91,40.19,40.24,63.02,68.51,62.04,59.98,48.93,49.07,31.91,52.44,59.96,49.91,50.91,41.9,42.06,31.25,55.1,48.55,42,43.76,46.32,32.7,22.57,47.46,45.77,44.98,45.98,46.09,45.86,40.35,37.9,63.59,53.81,52.85,59.93,43.7,33.58,59.65,64.45,58.28,63.81,51.16,46.32,42.12,49.95,50.18,46.91,48.14,51.27,45.21,25.78,51.73,51.3,51.53,51.22,48.67,32.09,42.12,55.12,54.18,57.66,56.17,62.09,49.27,41,65.18,63,57.55,48.79,58.14,56,20.08,62.17,59.08,55.97,64.03,64.47,48.47,33.89,43.49,53.05,60.1,57.91,54.74,43.01,24.93,53.97,51.97,57.76,48.34,58.73,43.72,40.28,52.55,73.95,65.65,59.81,67.09,50.56,36.01,63.86,55.13,56.49,58.71,66.41,47.99,40.97,64.23,61.01,61.08,65.34,59.54,44.57,41.4,60.47,58.82,59.92,62.24,63.36,52.8,41.02,65.62,56.5,60.29,59.07,70.2,53.86,43.59,64.03,64.07,61.75,59.05,58.72,48.58,39.02,59.21,60.43,57.08,57.98,59.04,45.45,31.23,55.03,54.54,50.05,52.34,46.75,41.72,30.26,46.94,45.29,48,46,49.15,41.1,35.16,47.29,48.03,50.34,49.2,53.86,45.45,32.71,56.88,54.265,51.65,48.44,52.55,45.09,33.39,55.99,52.9,49.04,55.92,70.04,48.4,36.14,53.81,57.11,54.99,54.42,57.04,51.37,49.77,57.69,50.01,49.61,53.02,56.22,48.07,35.15,64.43,52.42,55.34,54.58,57.64,47.09,41.91,49.73,60,59.14,57.79,58.08,49.99,48.83,62.31,60.79,70.1,72.05,71.95,48.94,44.3,50.39,57.01,57.03,68.8,58.06,48.59,44.01,62.96,62.89,70.11,69.96,75.8,52.84,49.82,76.84,64.41,62.23,68.05,67.17,54.59,38.05,71.49,63.23,60.44,56.17,64.85,48.25,47.1,49.03,54.84,48.61,49.79,55.38,47.39,44.43,60.42,52.19,58.37,46.3,49.76,47,21.9,53.98,58.44,59.12,58.07,62.25,54.5,43.96,60.31,60.69,60.55,67.79,75.95,53.27,43.67,63.09,63,58.99,66.87,96.99,59.04,47,83.95,88.66,68.99,61.93,76.23,46.52,43.32,74.68,79.45,80.11,62.41,75.75,68.67,42.84,77.96,77.87,67.51,57.1,46.04,46.69,44.69,66.75,63.95,63.91,57.77,38.3512,14.9,50.39,66.67,69.09,63.42,49.63,64.41,49.94,46.02,62.67,62.68,61.43,57.08,61.26,53.2,39.94,58.62,63.32,65.91,65.83,66,60.38,51.29,66.12,62.8,67.46,65.99,65.94,59.32,54.12,65.1,68.58,63.47,60.25,47.45,23.61,46.68,59.96,54.8,65.87,62.92,63.29,58.81,47.65,51.4,65.67,65.05,65.1,66.09,56,46.06,66.36,67.82,68.36,67.04,67.13,53.61,52.13,68.9,67.67,63.76,65.74,67.82,57.62,49.17,64.28,57.05,53.84,60.17,61.69,55,52.89,67.17,62.54,65,65.99,71.93,52.79,51.1,65.42,62.16,63.31,60.01,63.08,59.04,50,65.9,64.96,66.07,64.1,65.28,60.59,52.5,71.14,63.1,62.36,60.01,60.37,54.2,33.92,63.19,60.9,58.66,70.42,66.98,56.12,52.77,67.99,61.06,63.92,63.27,58.93,53.2,43.1,21.83,64,64.15,66.09,65,48.27,25.27,59.98,68.59,65.89,68.93,62.97,57.14,48.71,76.1,71.29,72.09,86.99,67.83,58.46,49.7,68.76,71.22,69.93,70.16,78.98,57.78,51,76.61,68.07,66.84,62.27,67.16,56.08,47.74,67.3,70.5,68.98,52.84,57.81,55.93,50.47,67.98,71.07,79.09,61.51,67.43,61.17,51.15,57.22,71.39,74.91,68.9,63.91,62.17,10.2,60,69.76,63.35,49.75,62.93,53.2,50.84,61.63,59.64,59.15,61.19
12,18.82,44.46,43.21,41.57,49.3,50.27,57.71,59.16,46.97,46,52.31,73.12,50.12,53.04,66.31,41.48,43.44,53.79,36.2986363636364,51.24,54.34,51.51,48.71,45.92,58.29,69.86,51.2,57.88,70.03,42.14,39.9,52.98,44.99,50.28,59.9,51.2,48.01,44.04,61.25,64.99,62.02,58.32,60.08,50.04,47.58,64.9,63.08,64.98,59.91,54.39,39.49,41.25,49.29,49.05,46.89,43.29,47.91,33.07,23,43.47,48.8,41.82,50.47,49.04,43.5,43.65,62.96,67.77,61.15,62.62,47.08,49.02,38.51,59.73,58.88,49.38,49.92,41.63,41.97,33.91,53.57,48.245,42.92,42.29,47.96,33.59,22.98,47.08,46.05,44.72,42.04,53.84,45.46,43.02,41.8,58.92,51.5,52.41,52.08,43.9,36.46,60.73,66.04,54.5,57.22,51.6,44.81,44.38,49.96,49.92,47.27,48.77,50.08,45.62,25.42,55.06,51.72,51.52,51.79,49.02,34.99,46.49,55.13,55.15,57.71,57.75,64.02,48.1,45.96,67.18,63.29,60.24,52,60.46,57.01,21.37,64.08,58.84,57.37,65.2,67.02,49.02,35.22,45.75,57.96,66.58,59.91,55.84,42.97,29.91,59.83,57.43,58.94,49.72,63.07,47.68,43.16,52.99,83.89,71.67,68.86,69.87,50.54,39,71.99,61,65.06,64.53,70.12,50.24,45.83,71.77,66.44,66.71,66.78,63.47,49.22,41.69,64.97,62.23,70.04,67.87,64.79,53.51,44.11,67.96,58.05,65.46,60.06,75.53,56.27,47.26,70.57,71.81,63.23,63.17,57.43,49.84,44.96,62.85,63.18,60,60.55,59.01,46.93,34.28,56.44,57.48,52.57,54.62,49.43,44.13,35.09,48.63,46.75,49.04,49.74,49.82,40.88,37.98,47.72,48.91,50.96,52.87,52.97,45.46,37.39,58.95,56.5,54.05,48.99,53.02,45.09,37.51,56.98,50.93,54.11,60.01,75.84,48.34,39.17,60.05,59.91,56.14,55.09,58.01,52.03,50.62,58.62,51.58,51.72,54.4,56.23,48.5,35.13,66.11,54.21,55.69,53.64,55.75,46.61,47.99,49.87,60.14,58.77,57.31,58.75,49.95,50.21,67.35,65.08,68.03,72.96,71.56,49.25,47.59,50.47,58.08,58.12,67.65,57.62,49.1,43.31,61.39,62.89,66.35,69.03,76.4,54,51.35,76.84,68.3,62.29,71.45,64.97,54.5,46.2,75.41,64.02,58.79,56.99,64.95,48.17,48.17,49.42,56.06,48.77,49.33,54.47,47.46,48.98,64.41,53.53,60.03,46.92,49.58,45.38,24.96,56.44,59.29,61.04,59.44,62.35,55.92,46.41,59.93,61.33,61.47,69.84,75.42,56.03,50.59,63.36,64.24,59.03,69.46,93.33,59.63,52.71,82.76,90.28,70.07,60.51,74.67,46.06,53.71,74.65,78.04,80.36,61.09,78.92,69.56,46.17,77.91,79.94,67.41,60.05,49.65,52.33,59.21,64.99,68.01,63.63,61.95,37.6704,16.86,55.11,67.47,68.94,63.59,50.73,64.97,49.42,50.83,62.98,63.7,63.05,59.22,61.42,52.99,45.12,59.9,63.58,66,65.63,65.21,61.04,53.19,65.71,61.09,67.54,66.34,65.28,60.45,57.93,64.47,66,64.52,60.12,47,23.67,48.78,56.89,54.59,65,61.94,62.12,58.04,51.51,49.93,65.65,64.5,65.2,66.01,56.02,49.94,66,67.96,68,67.5,65.91,54.63,53.96,68.4,67.05,62.31,65.02,65.65,55.02,48.27,61.26,55.38,48.43,53.9,60.99,54.39,54.93,66.42,61.2,64.38,68.12,71.73,53.03,52.1,64.93,59.96,62.06,59.19,59.35,60.08,57.94,65.74,64.55,65.86,63.68,64.36,56.28,57.66,70.18,62.09,61.39,59.53,60.16,55.46,35.03,62.95,59.69,58.95,73.6,66.92,56.18,53.02,67.96,61.26,65.25,64.6,55.07,51.92,44.21,21.01,65.56,64.93,67.92,63.83,44.94,24.39,60,71.51,65.93,70.1,63.16,57.72,52.41,70.94,74.06,75.75,90.07,66.79,59.67,54.72,70.49,76.18,69.99,73.91,86,62.57,54.01,74.95,68.9,73.35,63.27,70.88,55.96,47.96,69.61,71.3,74.33,53.18,58.03,55.94,51.69,69.41,72.92,84.94,65.58,69.02,60.99,52.9,64.79,71.71,77.8,69.9,66.43,62.97,10.46,64.63,70.47,65.97,52.48,63.42,54.67,56.06,63.9,59.07,63.19,62
13,21.6,46.54,46.37,42.12,49.91,48.94,60.06,50.94,44.18,44.56,51.68,65.09,50.01,53.11,61.09,40.82,43.98,53.08,36.4118181818182,50.01,51.49,50.74,46.92,45.92,60.21,64.17,48.52,47.31,70.27,42.01,38.98,50.07,39.65,49.96,56.72,50.33,47.85,43,59.52,60.52,61.95,54.04,53.43,47,46.39,60.99,60.09,60.03,58.77,53.07,37.32,39.43,47.96,48.03,45,41.52,47.69,32.8,25.12,39.92,45.12,40.12,48.2,46.31,45.97,40.11,59.26,63.9,59.73,60.1,44.57,35.07,35.77,51,57.47,43.82,50.06,39.28,44.86,34.4,52.65,46.32,39.99,39.87,46.99,33.75,22.77,46.98,45.34,41.52,40.54,45.91,44.76,42.73,40.46,54.04,49.1,49.59,48.99,43.12,37.58,53.76,54.93,53.2,54.09,45.96,44.08,43.13,49.97,49.28,47.09,45.95,49.28,45.24,24.95,52.08,47.88,50.99,52.38,49.72,35.5,45.77,55.04,53.04,54.04,57.02,61.39,48.58,46.23,61.19,62.96,57.25,52.42,59.94,56.82,18.06,61.06,55.95,57.09,60.11,64.45,50.29,35.72,45.32,57.91,61.95,56.35,51.9,41.54,32.19,56.2,55.41,51.79,49.49,59.81,48.12,43.18,52.15,69.86,62.05,61.09,60.05,50.09,38.35,63.92,56.86,57.84,63.85,61.92,50.02,44.45,65.84,62.15,65.04,60.98,58.03,47.24,43.02,65.4,58.04,63.97,64,63.18,54.3,44.16,64.23,56.33,62.09,60.09,69.46,57.45,47.4,65.02,70.46,63.62,60.03,56.29,48.69,45.52,59.27,62.54,57.04,58.93,56.93,45.32,39.47,56.07,54.78,50.83,52.01,48.11,41.71,33.73,47.15,46.14,47.83,45.94,49.92,40.49,36.94,47.05,48.14,51.94,51.62,51.85,45.27,41.92,57.92,56.68,55.44,47.11,52.06,45.96,36.42,54.85,47.34,54.96,59.9,67.26,47.91,37.98,58.46,56.25,54.79,53,55.36,51.19,50.72,53.94,49.49,49.81,52.49,53.9,47.96,33.05,62.7,53.51,53.13,50.98,54.02,46.52,43.13,49.64,57.66,56.89,56.65,56.78,49.84,50.53,64.08,65.71,62.03,70.56,66.25,49.08,47.36,49.93,58.94,56.02,64.49,55.02,48.36,42.65,57,57.02,64.27,64.85,71.87,52.54,49.92,69.89,62.46,58.3,58.95,61.78,52.1,40.31,65.44,59.91,57.03,51.93,62.33,48.07,48.4,50.07,60.72,48.58,48.65,50.56,48.04,49.2,62.35,51.54,58.06,46.06,49.47,45.56,30.06,56.45,56.9,59.09,60,61.99,56.03,49.27,59.24,58.91,61.63,67.49,71.06,52.04,50.47,63.39,62.68,53.37,69.66,85.09,55.5,52.62,81.33,82.92,71.2,51.25,73.71,43.23,50.2,72.95,72.72,78.27,61.03,74.4,70.61,46.03,79.79,78.33,65.95,60.3,45.11,50.22,48.21,66.86,68.05,65.82,61.49,36.9896,20.55,59.62,66.29,65.69,60.98,56.33,64.07,42.9,53.02,62.88,65.03,60.43,56.19,57,53.9,45.11,60.14,62.89,65.5,64.93,64.52,61.1,51.81,64.99,59.97,66.25,65.23,64.17,58.14,56.73,63.34,62.35,63.03,59.68,46.25,22.99,47.7,55.62,54.72,63.29,58.6,60.9,58.03,54.68,48.81,64.7,62.01,65.4,65.93,54.44,50.84,65.69,66.91,66.94,65.81,64.49,54.62,55,67.98,64.04,61.2,64.06,64.57,45.15,43.66,55.23,53.97,45.6,49.38,56.76,54.41,55.12,65.61,57.04,61.94,67.5,70.17,52.54,51.12,59.07,56.81,60.59,54.09,56.19,61.27,55.65,60.91,60.12,64.98,63.18,63.35,52.43,57.33,67.59,60.4,60.17,56.99,57.02,54.06,33.99,59.84,58.45,58,70.96,63.45,56.85,53.04,65.07,59.75,64.01,62.92,50.58,48.05,40.57,18.97,63.43,63.13,67,60.01,44.93,19.99,58.99,71.49,63.27,67.56,61.95,58.94,51.62,67.94,72.97,72.71,74.94,66.2,58.07,54.99,66.26,75.45,66.03,70.41,82.81,61.39,56.18,68.97,65.63,72.06,61.19,70.08,53.32,45.81,68.3,68.09,70.96,50.86,58.11,53.98,51.26,68.6,70.51,74.83,65.09,67.89,56.9,51.36,62.95,68.9,72.23,68.03,64.62,61.28,10.75,65.27,68.57,64.6,51.21,62.84,55.6,55.78,62.51,55.97,62.92,58.77
14,18.82,40.54,38.63,41.54,47.09,48.8,54.71,49.78,40.03,36.26,51.49,54.37,48.27,53.19,52.04,36.41,38.68,51.46,36.525,48.2,51.37,47.22,43.84,39.74,59.55,63.73,44.64,44.56,63.24,39.51,32.07,52.1,38.52,49.99,53.95,46.93,46.98,39.08,57.02,57.29,57.94,50,49.74,42.76,41.15,61.95,60.04,59.9,58.19,47.03,32.67,32.48,48.02,47.44,42.97,40.49,45.91,29,18.57,38.68,40.41,38.9,45.92,43.56,38.73,34.62,58.42,62.09,54.09,55.29,41.86,33.2,27.89,48.92,57.4,39.79,42.5,38.94,36.38,30.11,53.16,45.985,38.81,38.68,42.66,30,13.23,46.23,43.83,39.46,40.99,39.71,39.59,33,29.38,54.9,49.7,48.93,47.37,38.71,29.84,50.75,51.82,49.94,50,44.21,39.51,38.89,49.96,48.3,47.24,44.07,47.03,40.85,23.55,51.59,48.03,50.03,51.31,46.87,28.52,38.76,54.58,54.95,52.49,54.05,59.68,44.71,38.15,59.44,62.64,56.43,44.5,55.62,47.83,-0.04,59.41,55.95,56.52,57.97,59.95,44.88,25.94,35.93,57.99,61.35,55.91,50.92,39.62,25.97,57.05,51.59,51.35,45.39,54.91,42.22,37.3,51.53,65.22,60.37,60.98,54.05,41.49,32.94,65.45,54.17,55.47,58.57,52.95,46.72,38.03,58.9,58.81,62.8,61.02,51.78,42.27,40.87,61.76,58.09,62.12,63.99,62,48.6,40.01,63.1,55.52,59,60.46,65.15,51.19,45.09,63.74,67.37,60.14,58.22,53.08,46.19,41,59.96,61.3,55.07,58.95,53.46,39.72,34.15,53.86,53.24,49.98,51.32,46.61,38.92,30.2,46.61,46.11,46.03,45.46,46.08,38.44,26.87,46.57,47.68,48.35,50.2,50.45,44.82,32.99,54.28,51.72,49.16,47.23,47.3,41,29.64,50.69,46.31,54.12,55.95,60.04,46.11,26.5,57.43,54.04,52.72,53.39,53.21,50.69,48.94,51.28,49.59,49.37,52.41,52.01,39.97,30.17,60.96,52.78,52.09,52.03,48.13,41.99,31.94,48.05,57.02,56.2,56.66,54.81,48.37,47.88,62.17,62.93,63.64,65.27,62.79,48.15,42.91,55.73,58.4,53.76,63.2,50.57,46.84,37.18,55.78,57.02,59.95,59.56,66.94,47.94,48.92,60.99,61.62,54.99,55.04,55.27,48.44,32.34,59.68,58.05,55.06,49.1,55.62,45.62,46.77,49.34,57.72,48.58,48.46,48.6,45.42,46.16,63.28,51.62,56.91,41.56,46.32,40,23.85,54.62,56.97,58.33,57.91,61.03,50.32,41.97,58.46,58.09,61.7,66.96,67.03,46.98,46.56,69.03,65,52.1,69.94,78,52.44,41.06,80.92,81.58,68.92,50.05,69.04,40.41,53.3,72.27,74.93,77.61,65.16,71.06,61.86,45.05,79.21,78.99,65.03,59.92,44.93,44.17,38.11,67.25,65.28,62.49,58.7,36.3088,16.31,50.03,68.9,63.06,62.75,56.09,62.88,36.38,46.62,61.41,65.04,59.85,54.93,54.28,47.79,35.13,58.4,62.36,65,63.84,62.98,59.12,49.85,64.72,61.03,65.41,64.41,63.13,53.25,48.34,62.92,61.73,61.25,59.79,45.63,20.53,41.09,51.91,54.29,62.41,56.28,57.99,53.11,47.07,46.67,63.27,61.19,63.92,63.21,49.62,45.11,64.01,66.71,66.26,65.46,63.06,51.33,49.96,66.13,62.3,56.2,61.8,62.34,41.69,38.04,55.24,53.56,44.92,47.61,56.79,50.02,52.06,65.15,53.34,58.87,68.02,68,49.84,43.02,56.82,53.21,54.27,51.85,52.6,57.61,49.3,56.67,56.19,64.44,59.92,62.38,46.35,46.13,65.97,56.18,58.97,55.53,53.02,48.07,19,59.26,56.33,58.96,66.93,59.26,55.01,48.18,66.1,57.84,63.9,59.17,48.09,44.91,32.76,18.12,63,63.5,62.18,53.7,37.09,13.13,60,69.96,61.78,64.91,59.55,52.28,46.29,66.97,71,71.07,73.99,64.13,55.5,47.41,66.26,71.82,64.93,69.93,76.35,53.48,50.02,68.16,58.96,71.43,61.48,68.4,52.16,29.96,66.4,68.51,70.27,48.18,55.53,52.46,49.87,68.62,69.14,74.92,65.12,67.01,53.2,48.2,57.04,66.97,71.42,66.25,61.26,52.89,10.17,64.66,66.25,64.53,55.07,57.52,53.19,44.84,62.96,54.24,63.68,58.98
15,17.79,39.65,31.34,40.03,45.9,42.83,53.51,45.33,33.43,32.05,50.02,53.18,44.79,52.26,51.49,34.94,32.87,49.79,36.6381818181818,46.58,49.97,42.37,41.22,36.02,55.17,63.79,42.15,40.93,53.09,35.03,31.12,50.06,38.2,50.03,50.34,42.81,46.95,35.06,53.62,55.81,54.03,49.62,46.94,40.16,36.96,57.88,53.22,58.46,50.02,42.91,31.28,29.44,45.08,45.42,41.94,39.94,39.89,26.06,9.71,38.03,39.01,37.21,42.63,39.91,34.38,30.59,49.67,57.81,48.99,54.25,40.62,32.98,28.37,40.08,51.1,38.98,38.98,37.39,34.51,26.9,48.93,42.485,36.04,36.05,42.02,30.73,11.71,45.74,42.97,35.05,39.34,35.07,35.5,28.16,23.07,48.84,47.36,46.92,42.39,32.57,26.17,48.48,46.14,51.93,47.96,41.54,37.62,35.05,49.36,45.19,45.05,42.96,45.19,38.89,20.08,49,47.97,47.92,49.59,42.58,21,35.08,52.48,51.38,52.91,52.08,52.94,42.61,34.35,59.05,60.07,55.96,42.28,49.18,40.83,0.06,55.13,49.6,56.09,56.57,57.47,35.14,20.52,29.68,56.37,58.77,54.12,49.2,37.67,21.48,52.46,50.88,50.01,44.5,51.38,39.6,36.02,51.59,65.12,58.55,57.62,51.87,40.25,26.96,58.05,53.1,53.51,54.91,49.01,43.05,35,54.52,55.11,59.2,58.55,48.69,44.16,40.24,61.77,56.91,59.22,63.94,62.03,45.11,33.94,60.95,54.51,58.87,61.04,64.09,49.59,42.95,63.74,69.79,59.99,58.09,51.11,45.43,36.84,59.49,59.34,53.93,58.96,52.46,38.3,30.32,52.92,52.11,50.75,50.99,44.67,38.02,28.08,46.47,45.3,44.98,43.87,45.44,38.3,24.77,46.49,46.98,48.34,48.44,49.46,42.41,30.58,51,50.07,49.14,45.94,46.36,40.89,27.95,49.14,45.36,51.52,55.97,55.97,43.25,23.53,56.45,53.03,52.7,52.59,51.5,45.42,40.47,49.72,49.52,48.93,51.57,49.96,35.86,28.26,57.23,51.03,51.03,50.97,47.01,38.46,28.31,45.45,55,56.55,55.94,52.37,46.25,43.25,62.1,61.01,57.24,60.17,60.08,47.09,38.2,54.08,58.42,53.06,58.91,48.63,44.65,35.94,55.01,54.94,57.03,57.07,62.92,44.99,47.16,57.02,57.05,52.77,51.56,54.3,47.27,29.33,55.11,56.37,51.49,47.81,50.43,42.12,43.2,48.83,49.99,48.62,48.31,48.08,44.92,43.2,61.04,53,53.17,40.61,42.37,37.78,23.57,54.02,55.08,55.09,58.99,56.03,45.97,40.13,58.56,57.92,61.81,66.12,64.84,45.59,45,68.52,60.59,49.52,78.02,73.14,50.04,42.64,78.49,77.49,67.28,48.57,65.13,35,44.46,71.72,73.27,78.46,68.97,71.07,59.86,45.04,77,79.98,62.24,52.91,41.47,47.19,35.65,65.05,62.58,60.75,54.75,35.628,16.87,47.6,68.03,59.68,58.5,55,57.19,31.49,43.44,60.5,62.95,60,50.54,50.7,45,25.45,52.54,59.37,62.94,61.74,60.17,53,45.3,63.89,60.58,64.37,63.65,61.03,49.71,44.65,62.11,61.01,59.44,58.99,43.47,17.37,23.78,46.5,53.73,59.05,53.52,51.62,47.2,44.05,48.08,59.45,57.06,60.39,61.03,47.1,43.07,62.27,63.19,65.01,63,58.57,49.08,46.68,64.49,60.33,53.03,57.31,56.83,39.55,36.79,51.55,53.08,46.38,45.96,54.15,48.2,47.99,63.67,49.74,54.91,65.39,60.98,46.95,37.23,54.09,50.92,52.18,50.09,50.05,51.98,47.03,53.23,53.7,62.71,56.87,58,44.99,42.68,63.11,53.18,55.43,51.77,52.82,44.98,13.61,58.87,51.4,58.77,66.1,57.02,52.44,41.98,64.83,57.42,61.46,61.19,46.47,36.73,25.35,18.5,60.3,61.43,58,52.81,37.54,11.97,57.67,68,60.3,63.81,58.03,47,44.24,66.01,72.14,73.47,72.1,57.09,53.27,45.14,61.37,71.01,65.31,71.58,75.18,51.78,46.51,70,56.28,72.82,58.97,65.12,50.73,27.63,66.28,67.96,69.6,46.33,54.4,51.27,46.71,68.91,69.98,71.53,61.72,64.51,51.23,46.86,54.25,66.86,72.01,65.38,57.08,49.3,1.96,65.05,63.19,62.13,50.37,52.6,50.37,41.99,63.99,52.94,63.04,58.16
16,18.89,36.98,29.68,40.59,45.85,41.57,53.01,42.21,32.52,29.54,47.98,54.06,47.48,52.29,49.09,35.73,28.42,47.52,36.7513636363636,46.65,47.08,42.64,39.93,32.28,51.21,60.05,38.99,40.09,49.98,34.96,33.79,48.62,37.59,49.2,49.1,40.9,43.31,33.36,49.54,53.34,50.09,49.46,43.63,41.89,37.38,55.49,51.22,56.5,45.98,40.7,29.95,27.78,39.46,45.54,39.81,38.38,36.62,27.84,3.25,38.62,35.05,35.83,39.26,40.19,31.42,27.52,46.02,52.48,46.96,52.21,40.06,32.09,25.71,40.17,47.36,37.57,37.4,34.8,34.92,26.58,41.34,37.585,33.83,38.59,38.41,31.97,7.12,41.08,39.65,36.73,37.28,32.59,33.92,19.47,7.88,45.22,47.01,42.25,39.31,29.11,18.31,43.19,43.64,46.96,47.65,39,35.65,29.3,46.19,40.88,39.99,42.26,44.43,35.76,20.08,45.79,44.83,46.85,46.98,41.49,18.9,31.91,51.94,48.07,51.03,48.54,49.1,42.07,32.28,55.98,59.1,51,41.71,49.37,38.26,-0.03,51.68,48.31,52.6,51.78,48.52,34.75,18.09,24.68,55.65,55.82,54.08,46.29,37.57,15.06,49.28,49.29,46.95,41.82,49.59,38.91,31.02,48.5,57.97,55.05,54.64,47.94,36.18,25.45,51.83,51.31,50.61,51.93,44.33,42.26,30.04,51.17,50.7,52.98,53.6,45.43,42.57,41.31,60.11,52.31,58.03,61.07,59.2,44.08,32.52,57.27,52.56,56.95,61.11,62.06,48,42.78,63.23,68.82,56.49,60,50.49,44.7,33.53,58.05,59.98,52.97,57.83,47.91,36.33,23.09,48.03,49.33,49.01,50.08,43.65,37.46,25.89,45.38,45.29,45.4,42.73,43.8,36.69,23.56,45.63,45.84,47.09,46.6,47.02,40.38,25.23,49.08,48.795,48.51,42.27,46.28,39.68,35,47.55,44.76,51.18,52.56,52.03,39.97,22.42,52.06,51,49.16,50.75,50.46,44.48,37.07,47.9,47.97,48.31,50.26,49.32,35.82,26.67,54.97,51.01,47.95,48.87,43.55,36.77,26.33,43.05,52.06,52.02,55,49.87,45.03,41.07,58.1,56.04,56.98,58.99,52.06,46.99,40.11,49.29,56.03,50.09,56.05,47.36,41.72,34.9,51.85,56.06,54,52.39,57.04,46.94,44.94,52.96,56.92,51.72,50.9,54.29,46.42,32.22,53.95,54.95,50.95,48.3,48.3,43.03,41.77,48.08,48.9,48.94,46.64,47.84,44.08,40.23,59.06,54.06,52.54,40.02,39.96,39.95,21.96,53.59,55.15,55.98,57.02,56.27,44.96,40,56.03,57.54,64.08,66.26,62.54,49.93,45.03,69.55,65.59,52.12,81.45,69.96,47.05,42.94,81.35,73.69,65.2,52.08,65.39,34.91,41.12,70.64,73.04,77.94,70,70.99,60.1,49.13,76.91,77.7,60.08,52.35,40.38,47.8,44.28,63.79,62.05,60.08,52.36,34.9472,20.05,47.5,67.24,61.73,59.07,54.93,53.46,24.21,36.36,57.52,60,57.91,50.05,48.1,43.28,23.93,52.93,55.97,61.08,60.31,56.19,50.55,42.98,63.05,58.7,63.41,62.24,55.44,47.84,43.02,61.68,60.05,59.41,58.07,43.38,19.99,20.19,45.89,51.94,53.83,50.54,49.82,44.05,39.14,51.1,55.1,53.02,53.2,54.36,45.05,41.7,59,60.7,60.85,60.89,54.93,48.04,45.32,61.93,57.95,50.05,55.02,53.05,41.63,39.47,49.5,50,48.09,46.5,53.03,47.63,46.3,62.91,48.28,51.81,60.58,57.54,44.76,33.71,53.03,50.25,52.18,50.01,48.9,51.05,46.28,50.23,52.49,58.97,53.56,53.28,42.44,37.02,61.76,50.42,53.56,50.24,49,41.95,10.75,58.15,51.02,58.57,61.94,55.98,50,37.31,61.27,57.06,58.88,57.69,47.12,38.01,20.51,14.14,55.33,58.91,57.31,50.83,33.34,10.05,56.95,64.65,59.98,60.62,53.27,47,40.61,65.2,70.98,71.03,72.02,56.07,50.84,44,57.41,69.7,63.27,70.43,71.91,50.89,42.95,65.24,53.87,68.9,56.18,56.2,48.91,28.25,64.14,65.98,66.98,44.93,52.46,50.49,45.6,65.69,71.31,68.89,60,61.95,48.53,46.16,53.29,63.17,70.22,63.68,54.88,47.88,-0.02,61.32,58.48,59.68,49.95,49.2,49.76,41.69,61.59,55.34,61.25,54.62
17,23.46,38.57,31.07,45.04,51.1,49.95,66.85,41.64,37.88,41.4,51.38,64.62,50.1,62.32,51.4,37.67,27.26,50.47,36.8645454545455,46.76,50.02,42.86,41.81,35.59,51,57.05,39.02,41.75,50.75,38.84,32.13,50.07,38.42,45.57,49.2,39.12,37.83,32.86,48.78,50.9,50.03,47.13,44.74,40.11,37.98,49.67,49.43,52.12,44.21,40.07,30.55,28.55,37.8,42.17,38.52,38.24,35.07,28.77,7.77,35.9,36.4,37.72,37.79,40.17,32.1,27.28,42.75,50.03,45,50.05,39.94,31.33,24,39.79,42.59,35.79,37.62,35.76,34.96,27.21,46,39.91,33.82,35.79,33.96,31.21,8.26,38.37,40.11,36.64,37.42,35.87,32.77,17.69,10.34,43.04,43.5,40.48,38.25,30.26,11.82,40.31,43.64,43.56,44.09,38.44,32.07,29.24,45,41.25,40.68,40.89,44.18,34.54,19.19,42.01,42.99,45.76,44.02,39.52,16.79,29.32,48.15,44.01,49.27,48.14,50.29,42.15,30.97,54.07,52.77,50.71,40.69,47.86,36.04,0.08,49.03,46.72,55.02,47.97,46.74,34.36,17.66,22.72,46.99,52.16,50.96,43.8,37.2,11.14,46.82,48.71,44.54,40.17,48.12,38.14,31.05,46.57,57.84,53.77,53.05,47.1,35.72,27.19,49.73,50.16,50.27,51.28,43.04,41.61,28.87,51.43,48.63,50.93,53.44,44.72,42.21,42.2,54.99,50.97,52.78,60.56,53.56,42.93,36.14,56.33,50.42,54.76,60.95,59.39,47,41.1,59.99,66.09,51.95,56.63,49.88,43.39,32.45,52.96,58.91,52.48,54,48.5,34.98,19.86,47.65,47.4,47.71,48.25,44.06,36.28,29.39,45.31,44.95,44.87,42.95,44.62,37.72,26.16,45.16,44.67,46,45.71,45.79,38.95,20.39,43.59,45.025,46.46,42.6,45.57,38.82,36.08,45.61,42.06,49.49,49.57,52.04,40.02,20.5,48.85,49.2,48.18,50.03,48.74,43.98,36.72,47.18,47.16,47.56,48.69,49.05,36.93,37.11,52.55,49.99,47.75,48.01,43.66,39.07,21.57,42.91,50.03,52.02,53.16,49.4,44.15,39.07,54.03,55.55,54.01,56.07,49.59,46.66,42.98,48.91,56.04,49.69,51.83,46.78,40.38,36.68,49.83,54.21,50.34,51.25,55.08,47.91,43.08,51.29,53.41,47.67,50.72,53.9,48.73,36.02,50.44,55.01,49.65,50.38,48.33,42.39,45.04,48.02,52.02,52.95,48.64,48.68,45.52,42.62,60.44,61.62,56,41.58,44.92,48.44,35.86,57.42,59.99,58.48,62.45,59.31,51.47,42.85,59.42,61.06,65.94,69.73,66.11,55,46.94,72.52,74.97,59.35,83.14,75.08,57.52,53.36,94.97,79.93,67.28,64.28,68.47,41.07,47.56,75.41,78.32,89.95,69.01,74.48,65.52,53.03,75.9,84.13,60.91,60.06,51.75,50.96,50.66,72.96,64.44,65.57,56.64,34.2664,30.38,47.27,69,65.05,64.59,58.23,59.55,36.32,39.22,59.92,62.94,59.42,56.38,50.93,53.91,38.17,58.52,59.07,61.19,61.8,62.07,50.12,43.93,63.11,61.18,63.83,63.92,58.2,47.94,42.7,61.07,60.36,60.68,58.36,45.24,25.57,23.11,46.32,57.15,53.62,50.08,49.08,46.07,38.95,51.07,53.19,52.79,52.43,52.5,45.34,41.22,58.9,58.2,57.95,59.72,55.22,48.92,48.31,60.43,54.42,49.92,54.33,52.2,42.83,41.38,50.14,49.8,51.13,46.46,49.05,48.5,46.15,61.19,47.16,51.08,58.14,53.86,45.31,42.59,52.22,49.85,52.61,49.47,48.85,50.96,45.81,50.57,51.73,53.43,49.8,50.47,43.16,41.1,54.6,49.01,52.75,52.97,47.29,39.71,10.32,57.07,49.47,57.62,58.42,55.37,50,40.95,57.22,56.53,54.99,55.13,48,39.98,22.73,17.39,53.49,55.65,54.64,49.94,27.49,22.99,55.64,58.99,57.01,59.21,53.71,46.86,40.92,63.61,69.3,68.9,70.02,55.92,50.08,43.19,55.19,66.92,62.5,65.13,66.08,50.94,42.22,65.22,53.63,67.92,54.09,58.24,47.61,32.57,60.19,65.12,61.63,46.88,52.86,49.99,47.82,64.93,71.31,62.04,61.8,62.01,49.14,47.78,52.55,58.79,68.81,64.86,54.88,48.14,-0.59,59.29,57.76,58.23,49.43,47.44,49.01,42.25,61.94,54.46,57.96,51.99
18,38.07,50.23,46.79,52.47,66.43,60.66,86.18,49.35,51.03,56.73,81.91,68.93,62.94,69.67,63.46,41.76,34.92,58.57,36.9777272727273,51.9,57.9,50.2,47.72,44.78,61.71,68.14,48.38,50.97,59.33,50.36,45.39,74.13,48.79,58.12,54.16,45.56,42.16,39.02,54.03,62.72,57.52,58.08,52.99,48.49,41.91,65.25,55.89,60.43,47.95,43.47,35.51,35.97,39.42,45.93,40.91,41.1,35.11,33.51,15.86,36.33,39,40.2,39.68,40.58,37.72,31,44.45,52.96,48.95,56.27,41.89,38.12,31.32,40.98,46.91,36.66,38.64,37.07,36.14,29.37,46.72,40.85,34.98,37.02,37.05,36.91,14.48,38.14,36.44,36.59,36.45,37.38,33.91,22.24,18.14,40.85,45.66,39.49,38.34,33.21,18.93,39.25,43.63,43.8,43.95,39.04,35.19,35.04,43.89,40.68,40.84,42.28,44.87,35.09,22.44,41.11,42.61,48.05,43.54,39.94,19.81,32.04,47.46,43.35,47.1,48.15,49.94,41.43,37.89,53.06,52.97,50.82,41.54,48.11,36.25,20.9,49.04,46.75,53.02,47.77,46.5,36.78,20.23,27.91,46.56,52.64,51.32,44.4,39.04,15.51,46.24,47.51,42.56,41.03,49.09,40.47,37.61,46.47,57.09,53.16,52.35,47.06,38.97,39,48.9,49.35,49.42,51.49,44.22,42.94,37.02,49.68,47.8,49.97,53.96,44.3,44.1,43.04,56.52,50.93,52.74,60.06,53.13,44.78,38.45,51.69,49.7,55.51,60.05,58.95,47.65,44.84,57.08,65.15,51.59,56.66,50.28,44.68,39.15,52.02,56.81,53.13,55.03,48.63,38,21.02,47.75,46.99,45.87,45.3,44.27,38.98,33.15,45.73,45.01,45.54,43.02,45.48,38.9,38.23,45.39,44.99,46.95,46.09,46.18,43.65,34.03,46.06,47.025,47.99,45.33,45.58,39.06,37.16,43.12,44.29,51.09,49.59,52.65,44.65,29.92,48.13,49,48.83,50.25,49.39,45.05,39.33,47.12,48.09,47.12,48.72,49.08,40.59,42.68,54.01,48.68,48.06,49.92,46.78,41.97,28.39,46.59,53.38,53.9,55.09,50.04,48.53,44.4,53.25,56.36,57.74,56.07,50.42,47.06,46.19,47.16,58.03,50.2,53.96,47.93,46.7,43.07,52.97,57.09,53.38,52.46,59.91,47.21,46.9,52.91,59.97,52.07,54.56,59.05,48.99,45.91,55.94,61.65,53.96,58.03,48.52,47.95,51.93,57.07,61.83,61.94,60.8,61.76,56.98,52.68,72.75,79.7,66.26,47.71,55.16,55.01,50.47,69.93,71.32,72.99,75.01,69.49,62.48,55.05,67.25,72.99,82.03,88.97,77.31,66.18,62.51,81.6,97.02,66.05,114.79,103.66,63.89,61.99,125.01,104.94,79.68,71.77,75.7,48.42,62,92.14,103.48,131.79,89.07,86.75,74.99,65.29,89.96,96.41,70.36,67.89,61.13,59.2,63.18,79.8,74.91,74.93,68.98,33.5856,45.94,55.05,74.33,70.21,69.77,66.99,63,53.02,56.28,67.1,69.04,66.17,63.09,58.44,65.04,56.09,67.26,67.9,66.88,66.61,66.13,63.1,55.67,66.42,65.16,67.17,66.64,64.83,59.7,52.43,67.14,65.55,62.28,62.35,55.56,59.03,43.3,52.55,62.96,63.28,59.02,62.09,54.76,48.61,58.95,61.17,64.94,61.04,62.07,49.55,47.87,62.97,65.06,62.24,63.58,61.55,60.22,57.95,63.99,62.05,58.96,62.07,61.19,47.73,45.31,59.63,53.74,56.78,47.63,56.37,58.44,51.4,61.99,51.55,52.57,61.91,57.6,49.81,44.87,56.76,54.07,61.91,55.44,52.03,57.75,44.8,56.76,55.25,63.99,47.4,54.81,47.1,49.23,54.4,50,53.08,56.88,48.7,46.88,27.85,57.1,50.14,57.2,58.53,55.97,52.57,49.58,57.2,57.09,55.21,56.71,49.89,47.07,30.47,37.49,53.03,56.15,55.01,50.6,44.94,41.54,56.12,59.3,59.91,64.94,58.25,48.8,45.94,65.15,68.96,67.94,71,59.53,52.02,45,56.19,68,64.96,65.53,67,53.17,45.35,66.78,53.88,69.04,54.21,57.82,51.59,49.27,62.58,61.07,64.95,52.16,54.3,51.61,51.08,68.08,69.41,57.71,59.69,64.91,52.03,51,54.98,61.13,71.08,65.91,61.29,52.08,3.6,61.23,57.87,59.76,50.51,48.48,50.54,49.16,61.67,59.71,57.03,52.01
19,40.58,59.72,54.13,52.85,60.83,60.04,70.47,48.84,48.73,60,88.07,67.55,55.24,71.07,62.45,41.97,46.86,53.95,37.0909090909091,50.97,60.87,51.25,54.58,50.41,61.89,76.81,48.91,49.96,66.36,62.39,50.05,70.02,51.94,66.71,68.05,53.32,54.59,50.05,75.58,76.07,66.08,66.66,57.97,61.44,57.68,74.79,63.39,66.38,60,53.93,51.15,54.55,55.99,62.9,50.1,55.45,44.87,52.84,39,51.76,54.02,56.07,48.64,50.13,52.44,46.04,69.97,73.46,67.91,67.92,56.6,49.05,44.99,57.95,55.17,44.01,49.02,45.6,48.85,40.01,47.3,43.055,38.81,40.82,44.31,46.06,24.75,40.32,38.66,39.11,41.11,42.25,38.92,29.44,32.61,44.1,48.07,41.55,41.07,38.27,26.52,42.03,43.16,44.88,47.43,41.42,39.15,37.69,47.22,39.27,40.9,45.59,44.64,39.44,29.66,42.63,44.44,47.98,44.62,40.7,28.25,38.83,49.93,44.3,50.13,48.18,51.61,45.18,42.57,52.82,52.58,50.74,45.02,49.32,39.94,30.42,48.93,46.83,48.31,47.86,46.39,41.98,24.72,38.46,48.22,51.06,49.97,45.55,39.14,26.06,46.63,47.48,43.73,42.99,49.26,44.98,40.91,47.29,55.74,52.13,52.54,47.04,38.91,42.95,49.79,49.1,49.49,51.61,46.11,45.43,42.6,47.25,48.85,50.87,54.18,46.15,47.51,48.96,53.02,50.31,52.51,58.96,52.6,45.26,42.04,51.68,50.66,55.56,60.02,58.94,49.17,47.15,55.08,65.29,51.16,55.3,52.7,45.48,45.64,52.13,54.98,53.91,56.56,49.13,40.96,39.24,48.05,47.42,46.75,46.42,44.92,41.19,38.55,47.13,45.23,45.64,43.33,46.01,40.64,40.05,44.91,46.07,48.09,45.6,46.13,44.46,42,45.68,47.345,49.01,45.82,46.09,43.8,38.85,45.35,46.25,54.13,51.18,52.92,45.96,44.18,48.98,53.04,50.03,50.45,49.84,49.07,48.67,49.55,47.99,49.41,51.86,50.55,46.59,46,55.74,50.17,49.79,53.04,47.58,48.07,39,49.34,57.09,56.58,56.72,51.84,49.26,48.1,60.01,59.59,60.46,64.88,54.85,49.28,49.12,52.55,60.44,57.01,61.97,50.09,48.59,49.66,62.93,71.01,63.91,63.54,65.93,59.04,60.07,61.45,76.44,59.95,66.93,75.19,53.61,53.3,73.2,85.34,68.4,83.91,52.09,59.57,59.65,66.96,56.41,73.07,58.93,70.36,65.53,61.7,76.69,79.42,75.06,49.7,60.06,58.25,51.07,78.63,71.03,80.52,80.42,73,64.6,58.59,68,67.39,80.32,86.45,79.46,64.5,62.75,71.87,73.78,62.25,88.17,85.68,62.33,70,91.35,98.03,79.2,68.65,68.18,48.42,65.99,97.56,92.75,130.48,85.04,85.27,77.98,66.04,88.18,87.05,70.61,64.93,55.82,62.16,65.79,78.58,74.93,74.92,70.9,32.9048,49.94,63,77.51,70.08,66.99,69.48,61.86,55.45,63.02,69.93,71.61,66.75,64.95,61.28,63.21,64.15,68.36,69.08,69.22,69.73,67.85,64.8,63.72,67.32,66.49,69.97,71.33,67.94,64.05,63.35,113.86,69.88,63.98,64.17,57.98,61.62,58.05,57.92,69.78,70.29,66.15,65.77,64.07,58.05,69.22,69.16,69.97,74.94,68.41,63.06,60.92,71.59,76.23,74.97,71.19,69.91,64.67,65.05,75.26,73.28,68.28,71.33,70.06,63.85,61.85,71.09,64.99,69.38,57.07,67.63,63.04,61.81,67.66,64.23,63.28,69.6,68.02,66.03,59.39,67.42,64,66.2,65.61,64.38,64.65,51.16,64.36,63.55,64.51,50,61.61,53.37,52.44,61.21,56.04,57.71,61.36,51.39,54.39,50.82,58.56,55.4,59.92,61.64,56.76,55.98,51.23,62.92,58.25,61.2,60,56.19,51.56,40.52,44.4,53.07,57.77,56.48,51.83,49.95,50.86,59.94,67.52,65.16,68.98,61.65,54.81,51.33,66.2,70.52,68.07,70.5,65.96,54.94,48.45,56.91,69.6,65.37,66.09,68.19,57.07,50.07,69.04,61.71,71.49,54.6,57.87,52.6,51.61,64.15,61.78,60.1,53.37,55.11,52.87,52.64,69.03,69.02,55.39,59.78,65.12,55.74,58.58,61.06,62.05,71.41,66.08,65.12,52.23,10.33,63.84,57.93,57.95,52.84,52.56,55.29,54.12,62.17,59.18,57.25,55.06
20,38.1,56.19,52.79,47.97,52.72,52.62,55.82,42.61,47.92,52.99,59.1,51.58,49.19,60.99,52,35.08,48.68,50.73,37.2040909090909,47.23,50.92,46.64,51.7,48.53,57.51,62.94,45.01,48.95,53.98,51.98,47.24,58.92,45.59,55.92,57.87,50.79,52.76,49.99,60.06,70.42,59.98,60.09,50.08,53.04,54.34,64.57,59.19,58.54,59.61,48.45,53.94,58.24,53.04,60.91,49.27,50.89,46.05,53.66,44.64,56.07,53.96,65.05,55.58,46.17,63.84,54.59,70.24,75.01,65.96,65.69,57.24,57.45,56.4,67.36,67.25,52.64,51.04,52.59,52.24,55.49,54.95,51.685,48.42,52.97,46.63,46.85,34.89,46.03,41.07,45.63,42.03,44.15,39.72,38.59,42.03,48.28,49.3,44.42,44.48,42.96,33.53,43.15,45.13,48.62,47.16,44.04,41.64,41.55,46.88,42.8,42.93,44.89,43.85,38.96,33.98,43.51,44.65,47.94,43.69,39.93,29.97,40.47,48.85,44.29,49.94,48.19,49.99,46.24,47.61,51.04,49.34,50.49,49.57,47.13,38.73,36.25,48.97,47.33,48.34,47.89,45.27,44.49,24.76,40.49,49.21,49.79,50.9,44.19,38.43,30.01,45.91,45.2,44.33,43.71,47.96,46.04,44.59,48.65,50.22,49.42,50.16,45.17,34.59,45.02,48.48,47.93,47.88,51.7,45.75,46.59,44.5,44.19,48.36,48.92,57.5,44.22,47.66,49.28,51.83,47.79,50.65,52.73,50.59,45.01,44.13,51.1,49.8,52.66,52.77,52.97,48.01,49.12,50.85,60.73,50.18,54.34,50.03,45.44,47.15,50.79,50.42,51.9,50.64,45.72,42.01,40.97,46.76,45.98,45.09,45.05,44.08,42.19,39.17,45.7,45.28,45.5,43.36,44.36,39.93,41.38,45.49,45.9,47.01,45.29,45.72,44.11,44.65,43.96,46.075,48.19,45.86,45.56,45.02,38.5,43.08,47.85,54,49.57,51.01,46.54,46.16,49.97,54.91,50.06,51.17,50.98,50.22,49.4,53.36,48,49.51,53.23,51.95,49.76,47.8,57.31,52.08,52.04,57.46,51.68,51.08,50.65,54.07,61.31,60.77,62.92,56.01,53.79,56.08,67.53,67.57,70.52,70.04,60.75,50.77,53.98,58.77,66.81,68.19,67.43,57.64,56.07,58.91,74.95,81.23,76.75,71.29,72.13,64.94,71.83,73.92,91.67,70.01,71.14,78.83,53.84,54.5,71.44,83.07,72.33,94.96,49.84,60.46,57.06,65.09,50.38,68.78,55.91,61.96,60.38,61.93,60.45,66.51,66.33,46.27,55.04,53.03,50.76,68.96,63.4,68.8,63.19,62.45,59.95,58.06,63,57.1,64.93,71.82,67.06,61.24,59.86,62.71,64.93,55.38,75.1,72.89,52.75,61.99,79.93,84.14,72.48,59.77,52.56,44.15,61.06,80.96,77.55,95,75.72,79.51,74.03,62.09,73.43,76.98,67.06,62.02,40.56,62.17,65.38,72.66,71.17,68.97,66.17,32.224,52.08,61.08,73.48,69.27,58.01,66.69,56.13,52.94,62.38,63.18,67.99,59.94,57.92,58.35,56.19,65,65.97,66.98,66.46,66.49,66.27,62.62,63.41,64.88,64.66,67.55,67.94,64.39,62.03,63.3,82.35,63.4,62.25,61.05,48.71,59.18,59.73,47.85,65.94,66.58,65.09,64.38,61.87,60.2,67.32,65.91,67.21,68.99,66.7,61.02,63.93,69.48,73.85,70.98,70.41,66.19,61.97,67.93,72.73,71.55,68.63,73.17,73.97,64.28,65.84,82.12,65.9,78,56.77,74.28,64.79,66.52,77.08,66.95,67.09,74.28,70.35,71.99,69,77.1,72.18,69.83,71.97,65.83,65.19,61.36,71.98,64.67,65.06,57.36,62.65,59.86,61.04,62.53,61.18,59.63,68.07,54.6,57.08,56.7,58.95,57.84,64.59,62,60.07,56.17,54.76,65.18,62.11,61.91,61.92,57.43,55.33,49.22,46.74,53.45,58.72,56.47,52.22,52.02,53.56,58.96,69.26,68.38,71.02,65.81,59.85,56.21,69.31,71.48,70.99,69.34,70.21,56.26,54.09,57.64,69.93,66.06,66.93,65.8,57.22,53.63,70.67,66.02,69.83,54.69,55.16,52.73,52.76,64.96,56.25,59.96,54.25,58.35,53.91,53.67,67.95,68.96,52.96,61.24,65.95,60,66.87,64.74,62.13,71.15,63.15,66.05,55.02,21.49,60.73,58.19,54.03,51.24,55.3,54.44,55.39,62.24,57.94,53.2,55
21,36.96,44.52,45.9,41.52,41.42,47.98,50.43,40.19,40.74,42.57,50.02,47.51,42.19,49.07,43.2,30.57,47.64,44.78,37.3172727272727,42.21,42.57,46.2,42.99,44.63,46.24,53.06,40.41,44.33,50.02,41,44.6,48.92,40.02,49.95,48.48,43.65,44.73,46.63,53.08,54.66,50.08,44.61,43.87,44.37,47.07,47.41,46.96,46.53,46.82,41.49,39.5,46.04,40.35,46.09,40.36,41.45,42.79,44.06,37.9,53.5,45.77,48.1,45.94,40.31,46.06,50.07,50.09,65.63,60.98,59.39,45.96,38.63,49.02,53.01,58.96,44.09,42.22,45.99,48.47,51.05,49.07,44.505,39.94,43.64,39.34,38.01,46.39,46.23,41.87,45.68,51.93,49.33,44.31,47.2,49.96,49.24,51.8,48.47,48.87,44.84,42.73,49.4,49.83,49.36,53.01,45.85,43.46,46.86,51,45.27,46.77,49.65,44.9,39.58,36.41,45.57,45.92,48.49,48.54,41.21,33.97,43.65,51.31,45.56,48.18,50.91,53.02,46.98,49.57,50.42,51.18,50.25,51.34,45.92,36.19,38.95,48.13,46.64,47.62,46.89,46.37,42.21,28.95,42.28,47.22,47.39,46.03,45.22,36.59,29.75,41.3,43.35,44.34,43.09,48.66,40.94,41.14,47.84,50.25,49.03,50.49,44.97,34.27,42.94,44.43,46.16,47.31,49.96,45.8,42.17,42.57,42.92,48.07,46.81,52.9,44.74,43.76,49.69,50.03,47.07,49.65,51.19,49.94,42.11,45.23,49.15,48.61,49.67,50.81,52.27,46,47.09,49.34,50.89,49.36,51.08,49.07,44.23,45.98,47.14,49.01,46.93,46.74,44.62,40.91,40.49,45.76,45.06,43.58,43.21,43.04,41.9,38.07,45.18,45.4,43.86,42.73,43.3,38.74,41.86,45.57,44.73,45.42,45.54,45.65,43.02,45.13,46.36,46.825,47.29,46.01,46.14,44.45,45.08,45.87,48.5,54.91,53.94,51.98,47.29,48.02,53.16,52.37,51.96,55.92,52.43,50.97,52.98,54.95,47.65,55.81,55.93,52.94,51.48,52.95,58.18,53.94,51.96,58.48,51.29,52.01,53.37,54.06,63.47,59.53,57.56,56.26,53.55,59.17,63.1,64.49,70.29,67.78,56.05,48.31,48.78,52.57,61.09,62.18,61.08,50.73,49.75,57.05,62.92,58.95,70.15,67.25,66.39,55.71,63.91,57.46,66.08,55.06,55.03,60.1,48.16,52.28,55.89,59.17,54.57,53.93,48.39,48.79,48.93,56.58,48.2,58.04,50.51,49.67,48.91,52.77,50.39,57.86,56.19,44.28,48.07,46.61,43.09,55.88,53.03,60,57.24,53.19,49.2,52.09,51.07,49.43,58.06,65.05,59.17,50.66,51.02,51.32,58.51,49.28,70.42,66.18,44.5,61.21,67.47,69.66,65.13,47.98,46.51,41.03,52.51,71.17,71.86,76.19,69.9,68.65,60.14,51.08,66.95,65.77,59.95,55.97,40.58,55.04,57.57,61.01,62.09,60.87,56.3,31.5432,47.79,56.41,65.06,56.34,58.56,59.73,51.14,48.14,57.47,54.72,63.67,52.1,54.45,51.41,44.96,55.15,60.2,60.1,61.19,63.71,60.81,59.17,60.08,61.09,61.05,61.31,62.71,59.77,55.29,61.6,64.07,60.81,55.09,55.27,26.15,50.7,53.55,43.18,60.21,59.77,58.59,57.72,52.5,52.92,54.28,57.07,57.82,64.44,60.04,51.21,61.07,64.78,66.93,62.49,65.09,54.6,53.19,62.93,67.48,65.71,65.65,65.76,66.01,53.78,62.3,66.04,59.9,73.33,48.06,67.5,59.93,63.97,63.99,61.53,63.46,68.58,64.1,60.89,62.98,65.41,67.03,63.92,65.34,59.77,63.13,63.91,73.85,64.93,64.98,63.09,62.9,61.26,63.94,64.73,63.38,61.68,68.97,55.31,58.06,58.65,60.37,61.27,66.98,64,63.92,59.93,56.46,67.41,63.94,63.9,65.15,61.91,60.12,58.72,54.23,59.06,60.16,56.93,55.52,50.77,53.99,59.94,69.96,70.05,72.26,66.15,58.45,58.48,67.95,72.92,74.93,69.08,71.95,54.2,64.61,56.51,68.94,68.35,66.13,65.5,56.68,53.19,69.01,58.99,72.05,54.35,52.79,52.56,56.31,65.9,54.68,64.94,54.33,55.14,52.48,53.74,67.02,67.08,52.86,64.5,64.92,57.85,64.97,61.18,64.96,69.05,59.93,62.3,51.96,25.33,55,56.68,52.81,53.6,54.63,49.85,55.1,57.13,53.27,51.59,52.37
22,28.85,40.03,38.56,38.58,36.68,49.35,43.37,40.11,44.13,45.44,40.3,42.65,39.73,43.68,42.2,33.94,40.49,42.28,37.4304545454545,39.5,45.3,40.62,41.33,41.33,43.81,46.57,36.69,41.59,42.05,38.19,38.52,42.38,40.57,42.4,41.66,37.97,41,44.58,46.32,47.76,42.66,42.53,40.51,44.12,45.95,41.64,41.16,42.09,42.14,38.45,34.1,38.2,38.7,39.83,37.24,38.37,35.27,37.05,32.49,46.72,39.2,39.97,42.62,35.83,39.84,46.97,46.07,49.02,46.97,46.09,41.07,35.06,40.03,40.04,48.44,38.91,39.47,40.05,35.79,47.93,38.84,38.57,38.3,38.61,39.21,33.37,42.66,40.07,39.91,38.62,48.75,46.15,40.64,47.02,49.73,47.71,44.55,44.95,46.97,40.74,44.8,45.12,46.1,49.08,46.79,45.15,46.18,48.08,49.01,46.15,46.88,46.53,43.79,39.58,36.94,46.17,46.78,48.66,46.88,42.37,41.51,48.61,51.5,46.55,50.54,48.19,52.1,47.5,50.26,49.04,50.17,50.5,52.21,45.39,39.3,42.99,48.88,47.36,47.85,47.87,45.28,42.17,36.62,45.05,49.18,48.32,47.81,46.33,34.66,33,41.71,43.02,43.27,40.7,48,40,40.65,47.79,49,46.89,49.09,42.45,34.79,45.38,44.44,45.49,47.58,48.8,43.36,40.82,41.48,41.71,48.42,49.91,47.59,46.86,43.72,49.05,45.36,45.23,49.67,50.63,48.73,41.09,50,46.94,47.84,47.99,50.18,49.83,45.95,45.95,48.14,49.53,47.11,51.69,48.95,44.73,46.3,48.09,47.48,46.61,46.06,44.72,39.74,42.76,45.89,44.9,42.94,42.92,42.91,42.95,39.93,44.97,46.79,42.8,43.34,43,40.87,43.15,45.6,45.15,45.69,45.62,46.24,43.75,45.46,46.83,46.795,46.76,47.72,44.86,44.43,48.94,45.38,47.85,53.32,51.67,54.92,46.92,45.03,49.57,48.49,48.34,51.19,50.09,43.99,49.86,46.76,43.89,49.84,50.28,48.62,48.46,49.88,50.24,47.59,46.36,52.36,45.21,48.01,47.94,46.65,53.44,49.46,48.25,49.98,47.87,51.71,52.92,52.9,53.64,55.02,48.21,43.99,46.75,45.43,49.96,49.45,50.06,47.98,46.81,48.73,51.38,52.85,55.06,55,58.9,47.46,52.95,47.18,50.79,50.26,48.08,48.57,41.57,49.77,49.08,52.7,48.51,47.51,45.31,47.93,47.85,48.86,46.06,45.97,45.77,44.89,46.84,47.1,44.62,47.74,46.42,39.27,43.27,38.71,37.99,49.89,46.89,49.97,49.33,47.37,41.4,47.96,45.82,45.4,48.29,59.97,50.56,44.42,43.9,49.93,54.93,46,60.02,55.07,45.07,61.21,61.43,58,51.04,47.38,46.02,35.08,41,57.37,54.99,68.41,61.32,64.29,52.25,49.66,55.3,58.86,49.99,52.99,39.07,45.61,58.56,54.96,49.28,52.72,47.08,30.8624,48.23,55.85,59.88,50.06,52.68,53.07,49.93,41.02,49.37,43.94,53.28,46.83,48.6,49.36,37.43,49.32,51.24,50.01,51.11,53.02,54.99,53.13,53.26,54.54,53.4,52.47,53.98,54.79,48.04,53.2,61.11,53.17,49.86,50.73,20.48,36.84,42.88,40.06,52.06,49.16,50.8,50.5,46.05,47.18,49.08,47.93,48.63,52.77,50.31,46.5,54.9,54.94,58.81,53.63,56.18,47.63,48.97,56.19,55.21,53.31,55.14,61.2,57.92,46.68,56.18,54.93,51.77,63.05,47.04,60.84,54.34,58.73,55.02,48.8,52.6,57.55,54.09,52.06,54.1,56.2,55.04,52.34,60.73,52.18,57.43,58.02,69.65,61.95,56.08,53.98,60.69,56.4,63.42,62.5,59.69,61.83,60,54.02,58.55,57.76,58.61,56.67,64.95,60.63,59.25,57.04,56.7,64.91,58.2,60.28,62.23,61.96,57.95,56.02,53.81,55.88,59.04,56.41,52.84,51.31,55.69,58.72,67.94,71.93,69.01,64.96,55.93,64.94,67.92,70.98,74.05,69,71.95,54.94,64.97,56.3,69.09,63.97,65.17,67.51,56.37,54.94,65.13,61.5,69.62,54.09,52.64,52.75,59.97,60.71,54.36,61.28,56.08,55.03,52.32,53.83,67.81,63.73,53.71,62.51,59.03,59.87,67.06,61.16,64.56,67.02,57.36,59.94,51.33,40.63,51.67,56.17,51.28,53,52.02,49.91,54.19,53.02,52.3,50.48,51.07
23,40.01,44.25,42.72,41.71,36.61,50.87,48.94,41.56,47.95,49.95,42.17,42.25,43.17,48.51,42.82,36.94,44,48.24,37.5436363636364,41.38,45.05,41.21,43.65,43.96,43.82,49.84,39.45,43.03,39.98,42.05,41.15,42.09,41.01,42.87,42.17,41.3,44.25,45.8,48.72,49.27,46.09,45.23,40.13,45.91,47.05,41.84,45.55,41.76,40.54,40.59,36.58,39.43,36.64,38.62,35.88,38.89,37.58,39.42,33.62,47.08,39.4,40.24,42.7,37.55,44.34,54.06,46.07,46.96,44.89,43.49,43.32,37.42,46.99,40.07,46.76,39.01,37.84,38.41,34.49,49.98,39.03,38.07,37.11,34.97,38.84,35.01,38.59,37.6,36.69,38.72,44.33,44.83,41.98,48.67,49.66,46.02,43.35,42.09,44.34,41.86,45.16,42.65,43.23,48.07,44.08,45.08,47.18,48.13,47.63,42.4,45.66,45.86,42.71,36.78,30.5,44.12,45.29,44.31,44.72,42.99,42.94,47.62,49.47,43.96,47.26,48.1,50.41,47.01,52.63,49.95,45.22,50.03,55.63,48.18,41,46.42,48.29,47.75,45.96,47.36,46.93,47.52,43.24,47.62,55.05,48.5,46.95,48.92,36.96,36.01,45.76,43.63,43.71,45.66,51.03,47.64,47.99,49.15,49,46.45,50.68,43.72,38.93,48.83,44.99,48.08,48.27,51.3,46.35,47.9,47.44,46.4,51.03,47.19,50.22,48.34,47.53,51.35,51.18,46.24,50.97,53.94,52.56,45.06,52.01,50.35,49.42,50.77,56.1,52.47,50.18,54.09,49.82,49.99,48.21,54.97,50.9,47.63,53.12,48.37,49.38,48.7,49.93,46.15,43.59,45.8,47.43,45.74,44.15,45.05,45.04,44.59,42.66,44.59,46.91,42.52,42.41,41.91,39.82,43.12,45.41,45.44,45.51,45.01,45.54,44.13,45.07,41.94,43.745,45.55,44.8,44.07,44.07,49.15,41.8,45.57,48.07,48.03,49.98,46.04,41.06,46.88,46.02,44.24,48.27,49.75,40.58,47.95,38.89,39.86,47.06,46.26,47.78,47.83,49.5,47.11,44.06,43.56,48.04,44.27,46.03,46.09,43.58,50.15,44.7,46.99,50.68,49,50.33,47.98,49.31,50.04,49.86,47.91,43.31,47.24,43.58,48.15,47.96,49.06,47.5,46.84,48.08,48.47,50.69,50.75,50.62,54.64,48.99,53.18,46.66,49.56,48.03,45.48,48.94,43.31,49.94,45.58,49.72,47.54,46.9,45.94,48.02,47.65,49.3,46.34,46.77,42.34,45.46,47.4,48.96,45.79,46.82,46.94,40.39,45.81,42.71,43.13,49.95,46.03,50.25,50.81,49.64,44.42,48.99,44.73,46.3,47.28,55,50.06,45.66,45,46.82,56,47.93,58.74,55.03,48.59,61.98,59.93,51.71,50,48.21,50.88,34.09,49.96,53.02,52.91,63.55,59.66,62.29,49.935,55.08,49.96,54.6,50.34,50.66,48.48,60.01,64.93,53.02,48.51,56.11,50,30.1816,53,59.27,58.15,46.94,49.94,54.25,52.48,46.97,52.01,43.37,56.18,48.56,49.44,51.4,43.78,51.31,50.89,49.74,52,52.6,56.96,58.79,53.98,52.76,53.05,55.3,54.36,55.67,49.93,57.92,60.28,50.56,47.74,51.96,21.79,45,42.81,40.07,53.77,49.84,51.27,53.03,48.19,47.23,48.82,50.53,50.83,53.15,54.58,52.04,60.03,59.03,55.8,50,53.02,49.44,49.58,60.67,56.12,52.45,53.2,61.97,57.66,45.16,56.16,51.77,49.15,65.07,45.5,62.71,56.44,60.85,54.31,49.93,51.69,54.81,55.12,52.79,55.9,53.02,53.41,51.3,59.92,54.85,61.19,58.98,64.1,56.19,52.53,52.46,57.34,56.35,61.64,59.51,58.57,58.11,53.09,55,56.85,57.76,57.26,57.29,60.54,59.45,58.47,57.13,57.22,60,56.53,56.21,60.72,61.27,54.41,51.35,54.01,54.1,56.18,54.16,52.25,49.49,53.76,56.74,61.2,62,63.34,58.45,55.49,67.93,64.93,61.59,68.82,62,68.92,57.27,66.25,56.37,65.98,58.97,64.93,70,60.45,59.05,55.68,62.2,66.05,53.26,60.53,53.2,61.11,58.44,55.01,57.71,55.13,61.26,53.24,56.03,63.1,58.49,54.57,55.86,54.97,61.19,67.1,61.93,63.43,65.14,55,58.98,50,46.31,53.56,52.61,53.04,56.65,56.62,56.4,62,53.02,54.27,54,54.96
24,35.13,40.77,39.33,40.78,41.4,39.65,45.21,35.64,33.2,38.44,34.93,36.88,38.17,43.05,39.23,32,42.06,43.06,37.6568181818182,38.18,37.94,37.78,38.12,38.31,39.88,44.21,34.99,34.98,36.68,35.44,38.4,32.64,37.68,37.66,39.21,39.75,44.12,40.11,45.52,42.18,40.24,38.77,39.24,41.94,41.59,39.06,41.55,39.45,35.35,36.48,32.4,30.42,31.3,38.63,31.16,32.42,30.96,34.77,20.08,40.27,35.23,38.35,39.26,34.03,40.05,45.98,41.69,41.37,39.2,37.75,41.09,33.2,38.42,40.09,40.75,35,32.91,36.14,28.94,38.91,35.54,31.315,27.09,30.11,30.12,27.93,25.54,32.37,32.14,33.44,38.47,34.34,34.9,39.51,44.37,41.85,39.92,40.88,38.15,36.33,34.67,38.05,37.77,42.03,40.18,42.93,43.24,42.67,45.18,36.45,38.34,43.47,40.9,30.93,24.92,36.93,39.32,37.67,38.51,35.21,38.16,39.9,43.4,38.11,38.47,42.11,49.41,43.77,46.27,43.27,40.26,48.95,47.89,42.66,30.03,39.91,42.09,39.3,42.08,41.59,41.06,35.09,34.32,33.34,45.5,43.22,40.37,43.03,28.32,25.17,38.97,35.46,38.99,37.53,46.22,44.45,34.26,42.75,42.32,41.16,43.92,41.07,33.48,38.95,40.24,40.95,40.49,46.74,40.31,42.21,41.92,41.24,44.5,42.29,47.39,44.67,40.82,45.01,46.84,41.75,47.72,47.48,45.9,40.78,45.16,44.92,45,45.29,47.22,47.84,45.66,48.38,44.13,44.47,41.99,46.22,47.55,44.84,46,43.77,43.56,43.86,43.69,44.69,39.53,38.3,43.24,42.2,39.31,40.05,40.91,38.94,39,38.21,40.73,38.08,37.11,39.14,27.03,35.06,40.97,39.04,42.01,38.98,43.9,41.42,39.04,35.88,39.175,42.47,41.93,39.36,37.83,44.52,31.33,40.71,44.74,43.26,46.17,41.16,21.85,43.69,41.24,38.75,44.37,48.02,37.07,36.98,22.88,26.49,41.9,40.04,45.07,37.93,48.27,44.5,34.96,36.32,43.03,39.98,41.76,30.69,42.96,43.93,39.98,41.87,48.9,47.89,47.17,46.95,46.69,47.94,46.27,46.2,39.02,43.03,41.93,46.92,45.5,44.55,45.57,41.95,46.57,46.58,46.76,47.77,48.86,47.96,47.11,47.71,40.33,46.2,42.27,41.91,46.71,41.57,47.41,41.32,46.33,43.99,44.93,43.78,46.61,45.48,48.05,38.09,44.52,31.97,44.84,46.93,42.69,41.02,43.93,41.9,23.58,39.2,37.06,39.36,49.33,42.82,45.47,45.41,47.31,41.53,40.8,38.88,42.49,42.36,48.44,46.03,42.56,41.77,44.22,50,42.91,54.96,48.87,44.05,55.91,51.97,48.18,44.82,43.92,38.93,21.42,39.41,45.25,47.79,52.56,48.02,59.93,47.62,48.07,50.45,46.66,46.78,41.65,37.68,49.65,53.97,46.22,47.17,50.32,45.84,29.5008,37.64,48.69,55.54,44.19,40.78,49.49,48.69,34.38,44.89,32.32,49.33,43.89,43.81,44.08,36.79,46.14,48.92,45.89,48.85,48.46,50.33,52.98,51.39,47,47.03,51.08,48.84,52.71,48.82,52.45,52.09,44.9,43.85,46.06,-36.82,21.58,20.37,21.52,48.26,46.5,48.09,51.86,46,42,43.21,46.31,47.43,48.66,50.48,49.68,52.81,50.99,49,47.98,51.57,48.07,48.87,55.97,52.43,49.72,49.05,54.25,53.63,40.98,46.39,45.87,45,56.29,38.97,57.57,52.63,56.19,48.18,47.86,45.82,49.93,51.37,50.46,49.96,50.07,50.4,48.03,53.12,53.29,55,48.94,49.66,52.07,50.15,46.67,55.37,54.93,55,54.94,51.72,50.18,49.63,48.21,52.93,54.1,53.01,45.41,57.04,54.41,55.48,53.2,52.71,52.54,52.43,51.35,52.87,52.29,48.26,46.01,45,48.41,51.03,49.93,48.21,46.32,44.4,51.36,56.14,51.19,53.17,51.79,50.12,58.78,51.6,54.46,56.16,56.27,60.06,55.53,54.73,51.54,54.57,52.9,53.76,60.35,50.52,53.03,49.9,50.8,53.2,51.27,54.58,51.01,51.89,52.08,51.59,53.45,52.33,53.86,51,51.03,53.12,51.23,50.91,51.35,52.09,54.53,51.66,52.11,52.83,53.2,51.1,52.36,46.96,39.06,49.25,49.86,48.11,49.34,53.02,49.52,54.17,45.1,47.22,50.57,48.34
